ASV_ID	Bomok1	Bomok2	Bomok3	Bomok4	Gangjeong1	Gangjeong2	Gangjeong3	Gangjeong4
ASV1	0	277	0	0	0	1132	5104	5104
ASV2	0	493	0	0	0	1952	745	745
ASV3	832	477	0	0	9	1329	44	44
ASV4	1488	3	0	240	196	100	29	29
ASV5	0	52	0	0	0	0	864	864
ASV6	479	133	0	234	547	12	51	51
ASV7	0	926	0	0	0	0	251	251
ASV8	0	0	1315	0	0	0	0	0
ASV9	0	0	1263	0	0	0	0	0
ASV10	281	232	0	82	176	440	19	19
ASV11	4	92	0	72	81	129	424	424
ASV12	0	0	0	0	5	999	80	80
ASV13	0	0	1038	0	0	0	0	0
ASV14	818	0	0	0	0	0	0	0
ASV15	40	50	0	167	69	17	214	214
ASV16	22	0	0	0	740	0	0	0
ASV17	0	118	75	80	78	0	191	191
ASV18	0	0	0	0	0	0	366	366
ASV19	0	0	724	0	0	0	0	0
ASV20	0	20	229	33	17	0	204	204
ASV21	0	18	0	0	361	277	0	0
ASV22	544	2	0	10	3	85	0	0
ASV23	0	50	0	0	2	0	273	273
ASV24	0	42	45	21	0	0	242	242
ASV25	13	0	249	133	0	0	95	95
ASV26	4	35	59	75	4	37	184	184
ASV27	571	0	0	0	0	0	0	0
ASV28	0	7	0	0	238	301	0	0
ASV29	183	0	313	28	0	21	0	0
ASV30	24	29	0	0	350	89	0	0
ASV31	0	0	16	461	0	0	0	0
ASV32	0	23	5	0	0	0	218	218
ASV33	0	0	97	131	0	0	118	118
ASV34	0	0	0	460	0	0	0	0
ASV35	0	0	0	459	0	0	0	0
ASV36	0	210	0	54	17	0	88	88
ASV37	15	23	14	49	10	20	143	143
ASV38	17	0	0	0	383	0	0	0
ASV39	0	0	382	0	0	0	0	0
ASV40	350	13	0	2	0	0	5	5
ASV41	0	0	200	167	0	0	0	0
ASV42	0	241	0	51	14	51	0	0
ASV43	0	168	0	15	0	168	0	0
ASV44	0	0	0	23	0	0	160	160
ASV45	0	230	0	0	0	42	34	34
ASV46	42	29	13	113	118	8	0	0
ASV47	318	0	0	0	0	0	0	0
ASV48	0	0	0	315	0	0	0	0
ASV49	11	0	6	48	0	0	122	122
ASV50	219	4	0	0	57	17	3	3
ASV51	98	0	0	59	123	0	0	0
ASV52	0	87	5	82	46	9	25	25
ASV53	0	0	53	75	13	0	59	59
ASV54	0	0	0	0	255	0	0	0
ASV55	247	0	0	0	0	0	0	0
ASV56	0	0	0	0	246	0	0	0
ASV57	0	0	0	0	0	0	123	123
ASV58	0	0	0	235	4	0	0	0
ASV59	0	0	0	90	0	0	74	74
ASV60	0	0	237	0	0	0	0	0
ASV61	0	0	0	230	0	0	0	0
ASV62	56	0	3	167	0	0	0	0
ASV63	0	13	31	130	52	0	0	0
ASV64	0	0	0	217	0	0	0	0
ASV65	0	0	0	70	137	0	0	0
ASV66	0	0	0	82	0	0	62	62
ASV67	0	17	31	29	0	0	63	63
ASV68	0	0	0	140	0	0	30	30
ASV69	0	0	0	0	0	199	0	0
ASV70	0	72	0	52	0	6	32	32
ASV71	0	23	0	0	0	6	82	82
ASV72	0	0	0	192	0	0	0	0
ASV73	37	50	0	0	5	13	43	43
ASV74	0	12	31	97	48	0	0	0
ASV75	0	0	0	70	0	0	58	58
ASV76	2	0	3	0	0	0	90	90
ASV77	0	0	0	0	185	0	0	0
ASV78	142	7	0	0	27	2	0	0
ASV79	0	20	0	43	16	61	19	19
ASV80	22	0	0	10	144	0	0	0
ASV81	26	83	0	0	64	0	0	0
ASV82	13	0	142	0	14	0	0	0
ASV83	71	2	0	0	40	42	2	2
ASV84	0	159	0	0	0	0	0	0
ASV85	0	0	27	12	119	0	0	0
ASV86	157	0	0	0	0	0	0	0
ASV87	43	2	0	66	42	0	2	2
ASV88	0	0	0	157	0	0	0	0
ASV89	66	0	0	81	5	0	0	0
ASV90	0	0	0	148	0	0	0	0
ASV91	29	13	0	41	30	0	16	16
ASV92	27	0	115	0	0	0	0	0
ASV93	0	7	0	0	19	116	0	0
ASV94	0	0	142	0	0	0	0	0
ASV95	0	0	0	139	0	0	0	0
ASV96	0	0	0	112	0	0	10	10
ASV97	0	0	0	0	132	0	0	0
ASV98	0	0	0	27	0	0	52	52
ASV99	0	0	0	0	131	0	0	0
ASV100	0	0	0	0	0	131	0	0
ASV101	0	0	0	130	0	0	0	0
ASV102	0	0	0	130	0	0	0	0
ASV103	0	6	38	56	3	0	13	13
ASV104	0	22	0	0	36	14	28	28
ASV105	0	0	0	0	0	128	0	0
ASV106	0	0	0	0	0	0	64	64
ASV107	0	0	11	51	19	0	23	23
ASV108	6	11	0	95	0	0	7	7
ASV109	0	34	0	2	2	82	3	3
ASV110	0	0	0	125	0	0	0	0
ASV111	0	0	0	0	0	125	0	0
ASV112	0	0	0	0	0	0	62	62
ASV113	9	0	0	0	45	69	0	0
ASV114	0	0	0	91	0	32	0	0
ASV115	0	0	0	0	123	0	0	0
ASV116	122	0	0	0	0	0	0	0
ASV117	0	0	0	0	35	83	2	2
ASV118	0	0	0	73	0	0	24	24
ASV119	0	54	7	0	5	10	22	22
ASV120	34	0	0	10	75	0	0	0
ASV121	0	0	119	0	0	0	0	0
ASV122	0	0	119	0	0	0	0	0
ASV123	48	0	0	30	36	4	0	0
ASV124	0	0	0	53	25	0	20	20
ASV125	112	0	0	0	5	0	0	0
ASV126	0	0	0	93	24	0	0	0
ASV127	0	0	0	0	50	67	0	0
ASV128	18	0	0	38	60	0	0	0
ASV129	0	0	29	0	0	0	43	43
ASV130	0	0	0	42	0	0	36	36
ASV131	0	0	0	0	0	0	57	57
ASV132	0	0	0	0	0	0	57	57
ASV133	0	0	0	0	0	113	0	0
ASV134	0	0	0	0	86	24	0	0
ASV135	35	0	0	40	34	0	0	0
ASV136	26	0	0	79	0	4	0	0
ASV137	32	7	53	0	14	2	0	0
ASV138	11	4	0	0	0	93	0	0
ASV139	0	0	0	0	0	108	0	0
ASV140	0	0	0	106	0	0	0	0
ASV141	2	6	13	0	8	76	0	0
ASV142	0	0	31	31	0	12	15	15
ASV143	0	0	103	0	0	0	0	0
ASV144	0	0	8	87	0	0	3	3
ASV145	87	11	0	0	0	0	0	0
ASV146	15	14	0	47	0	0	11	11
ASV147	0	0	5	93	0	0	0	0
ASV148	6	0	0	15	76	0	0	0
ASV149	0	15	0	37	45	0	0	0
ASV150	0	0	6	69	0	0	11	11
ASV151	35	6	15	0	30	0	5	5
ASV152	0	28	40	0	0	0	14	14
ASV153	0	0	96	0	0	0	0	0
ASV154	0	0	0	0	0	96	0	0
ASV155	0	0	0	95	0	0	0	0
ASV156	0	94	0	0	0	0	0	0
ASV157	0	0	94	0	0	0	0	0
ASV158	40	5	28	0	20	0	0	0
ASV159	0	30	0	0	0	45	9	9
ASV160	92	0	0	0	0	0	0	0
ASV161	28	0	0	64	0	0	0	0
ASV162	0	0	92	0	0	0	0	0
ASV163	0	0	92	0	0	0	0	0
ASV164	0	0	0	0	0	0	46	46
ASV165	0	0	0	81	4	6	0	0
ASV166	0	0	0	0	20	8	31	31
ASV167	0	24	0	0	0	65	0	0
ASV168	0	7	0	0	0	0	41	41
ASV169	0	11	0	0	37	39	0	0
ASV170	0	0	87	0	0	0	0	0
ASV171	86	0	0	0	0	0	0	0
ASV172	0	0	0	0	0	85	0	0
ASV173	84	0	0	0	0	0	0	0
ASV174	4	0	0	72	0	0	4	4
ASV175	0	17	0	56	0	11	0	0
ASV176	0	0	0	0	0	84	0	0
ASV177	0	0	0	29	54	0	0	0
ASV178	40	4	13	6	13	6	0	0
ASV179	23	31	0	0	12	0	8	8
ASV180	0	0	82	0	0	0	0	0
ASV181	5	0	0	51	25	0	0	0
ASV182	0	14	0	11	31	25	0	0
ASV183	0	0	0	23	27	12	9	9
ASV184	78	0	0	0	0	0	0	0
ASV185	68	0	0	0	10	0	0	0
ASV186	11	0	63	0	4	0	0	0
ASV187	7	0	0	19	22	0	15	15
ASV188	0	0	0	0	0	0	39	39
ASV189	0	39	0	0	3	5	15	15
ASV190	0	0	0	76	0	0	0	0
ASV191	0	0	0	0	0	0	38	38
ASV192	0	4	0	29	37	5	0	0
ASV193	70	0	0	0	4	0	0	0
ASV194	0	0	0	0	0	0	37	37
ASV195	13	0	0	0	60	0	0	0
ASV196	0	73	0	0	0	0	0	0
ASV197	11	0	0	39	18	0	2	2
ASV198	4	5	0	4	47	12	0	0
ASV199	0	0	0	0	0	72	0	0
ASV200	0	0	0	0	0	0	36	36
ASV201	7	0	0	0	60	0	2	2
ASV202	0	71	0	0	0	0	0	0
ASV203	0	71	0	0	0	0	0	0
ASV204	0	51	0	0	20	0	0	0
ASV205	0	0	71	0	0	0	0	0
ASV206	70	0	0	0	0	0	0	0
ASV207	0	3	0	0	0	3	32	32
ASV208	0	0	0	70	0	0	0	0
ASV209	33	9	4	4	19	0	0	0
ASV210	0	67	0	0	0	0	0	0
ASV211	0	0	67	0	0	0	0	0
ASV212	0	0	0	67	0	0	0	0
ASV213	0	34	0	0	5	3	12	12
ASV214	0	28	0	0	0	12	13	13
ASV215	0	0	0	66	0	0	0	0
ASV216	65	0	0	0	0	0	0	0
ASV217	0	0	3	58	0	0	2	2
ASV218	24	4	0	0	36	0	0	0
ASV219	0	0	64	0	0	0	0	0
ASV220	0	0	21	0	0	43	0	0
ASV221	0	0	0	64	0	0	0	0
ASV222	0	0	63	0	0	0	0	0
ASV223	11	11	0	10	30	0	0	0
ASV224	0	0	0	62	0	0	0	0
ASV225	0	0	0	0	62	0	0	0
ASV226	0	0	0	0	62	0	0	0
ASV227	61	0	0	0	0	0	0	0
ASV228	0	7	0	54	0	0	0	0
ASV229	0	0	0	0	61	0	0	0
ASV230	11	0	0	0	7	0	21	21
ASV231	0	4	0	0	0	0	28	28
ASV232	0	0	12	39	0	0	4	4
ASV233	0	0	0	0	59	0	0	0
ASV234	0	0	0	0	0	59	0	0
ASV235	58	0	0	0	0	0	0	0
ASV236	19	16	0	0	23	0	0	0
ASV237	11	0	7	8	29	3	0	0
ASV238	0	58	0	0	0	0	0	0
ASV239	0	0	44	0	0	0	7	7
ASV240	0	0	0	58	0	0	0	0
ASV241	13	0	0	8	31	5	0	0
ASV242	0	25	0	0	0	12	10	10
ASV243	0	0	57	0	0	0	0	0
ASV244	0	0	0	0	51	6	0	0
ASV245	0	0	0	0	0	57	0	0
ASV246	56	0	0	0	0	0	0	0
ASV247	49	7	0	0	0	0	0	0
ASV248	42	0	0	14	0	0	0	0
ASV249	5	2	0	0	0	5	22	22
ASV250	0	30	0	0	0	6	10	10
ASV251	0	0	0	56	0	0	0	0
ASV252	55	0	0	0	0	0	0	0
ASV253	0	18	0	15	0	0	11	11
ASV254	0	0	46	0	9	0	0	0
ASV255	46	0	0	0	0	8	0	0
ASV256	0	0	0	0	54	0	0	0
ASV257	0	0	0	0	0	54	0	0
ASV258	0	0	0	0	0	0	27	27
ASV259	33	0	20	0	0	0	0	0
ASV260	0	39	0	0	0	0	7	7
ASV261	0	19	0	0	0	0	17	17
ASV262	0	0	53	0	0	0	0	0
ASV263	0	0	0	27	26	0	0	0
ASV264	0	0	0	0	53	0	0	0
ASV265	0	0	0	52	0	0	0	0
ASV266	0	0	0	0	0	0	26	26
ASV267	0	0	0	33	0	0	9	9
ASV268	0	0	0	22	29	0	0	0
ASV269	0	0	50	0	0	0	0	0
ASV270	0	0	47	0	0	3	0	0
ASV271	0	0	0	0	50	0	0	0
ASV272	26	0	0	0	0	19	2	2
ASV273	15	2	0	0	0	0	16	16
ASV274	0	25	6	0	0	0	9	9
ASV275	0	0	19	0	0	0	15	15
ASV276	0	0	0	0	49	0	0	0
ASV277	0	48	0	0	0	0	0	0
ASV278	0	0	48	0	0	0	0	0
ASV279	0	0	0	0	48	0	0	0
ASV280	0	0	0	0	0	48	0	0
ASV281	0	0	0	0	0	14	17	17
ASV282	0	0	0	0	0	0	24	24
ASV283	0	23	0	4	0	20	0	0
ASV284	0	22	0	0	0	25	0	0
ASV285	0	15	0	0	0	0	16	16
ASV286	0	0	33	0	0	0	7	7
ASV287	0	0	0	31	0	16	0	0
ASV288	0	0	0	15	0	0	16	16
ASV289	13	33	0	0	0	0	0	0
ASV290	0	0	0	46	0	0	0	0
ASV291	0	9	0	0	26	0	5	5
ASV292	0	0	0	0	45	0	0	0
ASV293	0	0	0	0	5	40	0	0
ASV294	0	0	0	0	0	45	0	0
ASV295	0	44	0	0	0	0	0	0
ASV296	0	20	0	0	0	0	12	12
ASV297	0	0	0	44	0	0	0	0
ASV298	0	0	0	0	30	0	7	7
ASV299	0	0	0	0	0	0	22	22
ASV300	35	0	0	0	8	0	0	0
ASV301	18	2	0	0	7	6	5	5
ASV302	0	39	0	0	0	4	0	0
ASV303	0	35	0	0	0	8	0	0
ASV304	0	0	43	0	0	0	0	0
ASV305	0	0	0	4	0	39	0	0
ASV306	0	0	0	0	5	0	19	19
ASV307	0	0	0	0	0	43	0	0
ASV308	42	0	0	0	0	0	0	0
ASV309	39	0	0	0	0	3	0	0
ASV310	15	0	0	0	27	0	0	0
ASV311	0	0	19	23	0	0	0	0
ASV312	0	0	0	0	0	42	0	0
ASV313	0	0	0	0	0	6	18	18
ASV314	0	0	0	0	0	0	21	21
ASV315	0	0	3	24	0	0	7	7
ASV316	0	0	0	27	14	0	0	0
ASV317	0	0	0	0	0	41	0	0
ASV318	20	0	0	0	0	0	10	10
ASV319	6	16	0	0	0	0	9	9
ASV320	0	16	0	0	0	0	12	12
ASV321	0	6	0	0	0	0	17	17
ASV322	0	0	40	0	0	0	0	0
ASV323	0	0	3	0	21	16	0	0
ASV324	0	0	0	40	0	0	0	0
ASV325	0	0	0	0	33	7	0	0
ASV326	0	0	0	0	26	0	7	7
ASV327	0	0	0	0	14	0	13	13
ASV328	0	0	0	0	0	40	0	0
ASV329	0	0	0	0	0	40	0	0
ASV330	0	0	0	0	0	40	0	0
ASV331	0	0	0	0	0	0	20	20
ASV332	39	0	0	0	0	0	0	0
ASV333	28	0	0	0	11	0	0	0
ASV334	0	39	0	0	0	0	0	0
ASV335	0	10	0	0	0	29	0	0
ASV336	0	0	39	0	0	0	0	0
ASV337	0	0	0	39	0	0	0	0
ASV338	0	0	0	39	0	0	0	0
ASV339	0	18	0	0	0	0	10	10
ASV340	0	0	0	0	38	0	0	0
ASV341	0	0	0	0	0	38	0	0
ASV342	0	0	0	0	0	0	19	19
ASV343	0	0	0	0	0	0	19	19
ASV344	0	0	0	0	0	0	19	19
ASV345	0	0	0	0	0	0	19	19
ASV346	0	37	0	0	0	0	0	0
ASV347	0	0	37	0	0	0	0	0
ASV348	0	0	37	0	0	0	0	0
ASV349	0	0	21	0	0	0	8	8
ASV350	0	0	0	35	2	0	0	0
ASV351	0	0	0	27	10	0	0	0
ASV352	13	0	0	23	0	0	0	0
ASV353	0	0	36	0	0	0	0	0
ASV354	0	0	0	36	0	0	0	0
ASV355	0	0	0	33	0	3	0	0
ASV356	0	35	0	0	0	0	0	0
ASV357	0	27	0	0	0	8	0	0
ASV358	0	9	0	0	0	0	13	13
ASV359	0	5	21	0	0	3	3	3
ASV360	0	0	0	35	0	0	0	0
ASV361	0	0	0	35	0	0	0	0
ASV362	0	0	0	35	0	0	0	0
ASV363	0	0	0	29	0	0	3	3
ASV364	0	0	0	9	0	26	0	0
ASV365	0	0	0	0	0	3	16	16
ASV366	17	0	0	17	0	0	0	0
ASV367	13	21	0	0	0	0	0	0
ASV368	0	22	0	0	12	0	0	0
ASV369	0	20	0	0	0	14	0	0
ASV370	0	0	34	0	0	0	0	0
ASV371	0	0	34	0	0	0	0	0
ASV372	0	0	34	0	0	0	0	0
ASV373	0	0	0	34	0	0	0	0
ASV374	0	0	0	0	34	0	0	0
ASV375	0	0	0	0	0	34	0	0
ASV376	0	33	0	0	0	0	0	0
ASV377	0	33	0	0	0	0	0	0
ASV378	0	0	33	0	0	0	0	0
ASV379	0	0	0	33	0	0	0	0
ASV380	0	0	0	33	0	0	0	0
ASV381	0	0	0	33	0	0	0	0
ASV382	0	0	0	0	33	0	0	0
ASV383	32	0	0	0	0	0	0	0
ASV384	0	32	0	0	0	0	0	0
ASV385	0	32	0	0	0	0	0	0
ASV386	0	14	0	0	0	18	0	0
ASV387	0	0	32	0	0	0	0	0
ASV388	0	0	0	32	0	0	0	0
ASV389	0	0	0	27	0	5	0	0
ASV390	0	0	0	20	12	0	0	0
ASV391	0	0	0	0	2	0	15	15
ASV392	0	0	0	0	0	32	0	0
ASV393	0	0	0	0	0	0	16	16
ASV394	0	0	0	0	0	0	16	16
ASV395	0	0	0	0	0	0	16	16
ASV396	31	0	0	0	0	0	0	0
ASV397	31	0	0	0	0	0	0	0
ASV398	27	0	4	0	0	0	0	0
ASV399	16	15	0	0	0	0	0	0
ASV400	0	4	19	0	0	8	0	0
ASV401	0	0	31	0	0	0	0	0
ASV402	0	0	31	0	0	0	0	0
ASV403	0	0	5	0	0	8	9	9
ASV404	0	0	0	31	0	0	0	0
ASV405	0	0	0	31	0	0	0	0
ASV406	0	0	0	0	31	0	0	0
ASV407	0	0	0	0	31	0	0	0
ASV408	0	0	0	0	0	31	0	0
ASV409	0	0	0	0	0	11	10	10
ASV410	30	0	0	0	0	0	0	0
ASV411	30	0	0	0	0	0	0	0
ASV412	30	0	0	0	0	0	0	0
ASV413	13	4	0	0	7	0	3	3
ASV414	6	22	0	2	0	0	0	0
ASV415	2	0	0	0	14	14	0	0
ASV416	0	0	0	0	30	0	0	0
ASV417	0	0	0	0	0	30	0	0
ASV418	0	0	0	0	0	0	15	15
ASV419	0	0	0	0	0	0	15	15
ASV420	0	0	0	0	0	0	15	15
ASV421	29	0	0	0	0	0	0	0
ASV422	11	0	0	0	12	0	3	3
ASV423	0	0	29	0	0	0	0	0
ASV424	0	0	29	0	0	0	0	0
ASV425	0	0	26	0	0	3	0	0
ASV426	0	0	0	29	0	0	0	0
ASV427	0	0	0	29	0	0	0	0
ASV428	0	0	0	0	29	0	0	0
ASV429	0	0	0	0	7	22	0	0
ASV430	0	0	0	0	5	24	0	0
ASV431	0	0	0	0	2	27	0	0
ASV432	0	0	0	0	0	29	0	0
ASV433	0	0	0	0	0	29	0	0
ASV434	28	0	0	0	0	0	0	0
ASV435	0	28	0	0	0	0	0	0
ASV436	0	18	0	0	0	10	0	0
ASV437	0	0	28	0	0	0	0	0
ASV438	0	0	28	0	0	0	0	0
ASV439	0	0	0	28	0	0	0	0
ASV440	0	0	0	18	10	0	0	0
ASV441	0	0	0	0	28	0	0	0
ASV442	0	0	0	0	28	0	0	0
ASV443	0	0	0	0	0	2	13	13
ASV444	0	0	0	0	0	0	14	14
ASV445	0	0	0	0	0	0	14	14
ASV446	0	0	0	0	0	0	14	14
ASV447	27	0	0	0	0	0	0	0
ASV448	20	7	0	0	0	0	0	0
ASV449	0	13	0	0	0	0	7	7
ASV450	0	9	0	0	0	0	9	9
ASV451	0	0	8	0	19	0	0	0
ASV452	0	0	0	27	0	0	0	0
ASV453	0	0	0	27	0	0	0	0
ASV454	0	0	0	27	0	0	0	0
ASV455	0	0	0	0	27	0	0	0
ASV456	0	0	0	0	27	0	0	0
ASV457	26	0	0	0	0	0	0	0
ASV458	26	0	0	0	0	0	0	0
ASV459	26	0	0	0	0	0	0	0
ASV460	4	0	0	9	7	0	3	3
ASV461	0	26	0	0	0	0	0	0
ASV462	0	0	26	0	0	0	0	0
ASV463	0	0	26	0	0	0	0	0
ASV464	0	0	24	0	0	2	0	0
ASV465	0	0	0	16	0	0	5	5
ASV466	0	0	0	12	0	0	7	7
ASV467	0	0	0	0	26	0	0	0
ASV468	0	0	0	0	26	0	0	0
ASV469	0	0	0	0	8	6	6	6
ASV470	0	0	0	0	0	26	0	0
ASV471	0	0	0	0	0	26	0	0
ASV472	0	0	0	0	0	26	0	0
ASV473	0	0	0	0	0	26	0	0
ASV474	0	0	0	0	0	0	13	13
ASV475	0	0	0	0	0	0	13	13
ASV476	0	0	0	0	0	0	13	13
ASV477	0	0	0	0	0	0	13	13
ASV478	0	0	0	0	0	0	13	13
ASV479	25	0	0	0	0	0	0	0
ASV480	0	25	0	0	0	0	0	0
ASV481	0	25	0	0	0	0	0	0
ASV482	0	25	0	0	0	0	0	0
ASV483	0	7	0	0	0	0	9	9
ASV484	0	3	0	0	0	22	0	0
ASV485	0	0	25	0	0	0	0	0
ASV486	0	0	0	25	0	0	0	0
ASV487	0	0	0	25	0	0	0	0
ASV488	0	0	0	25	0	0	0	0
ASV489	0	0	0	25	0	0	0	0
ASV490	0	0	0	25	0	0	0	0
ASV491	24	0	0	0	0	0	0	0
ASV492	0	24	0	0	0	0	0	0
ASV493	0	0	24	0	0	0	0	0
ASV494	0	0	10	0	0	0	7	7
ASV495	0	0	0	24	0	0	0	0
ASV496	0	0	0	24	0	0	0	0
ASV497	0	0	0	24	0	0	0	0
ASV498	0	0	0	24	0	0	0	0
ASV499	0	0	0	21	3	0	0	0
ASV500	0	0	0	0	24	0	0	0
ASV501	0	0	0	0	24	0	0	0
ASV502	0	0	0	0	24	0	0	0
ASV503	0	0	0	0	0	24	0	0
ASV504	0	0	0	0	0	0	12	12
ASV505	0	0	0	0	0	0	12	12
ASV506	0	0	0	0	0	0	12	12
ASV507	6	0	0	0	17	0	0	0
ASV508	0	23	0	0	0	0	0	0
ASV509	0	23	0	0	0	0	0	0
ASV510	0	23	0	0	0	0	0	0
ASV511	0	13	0	0	0	0	5	5
ASV512	0	6	0	0	0	17	0	0
ASV513	0	5	0	0	0	0	9	9
ASV514	0	0	23	0	0	0	0	0
ASV515	0	0	23	0	0	0	0	0
ASV516	0	0	0	23	0	0	0	0
ASV517	0	0	0	23	0	0	0	0
ASV518	0	0	0	0	23	0	0	0
ASV519	0	0	0	0	0	23	0	0
ASV520	0	0	0	0	0	23	0	0
ASV521	22	0	0	0	0	0	0	0
ASV522	22	0	0	0	0	0	0	0
ASV523	22	0	0	0	0	0	0	0
ASV524	2	0	0	20	0	0	0	0
ASV525	0	17	0	0	0	5	0	0
ASV526	0	6	0	0	0	0	8	8
ASV527	0	0	14	0	0	0	4	4
ASV528	0	0	0	22	0	0	0	0
ASV529	0	0	0	22	0	0	0	0
ASV530	0	0	0	22	0	0	0	0
ASV531	0	0	0	0	22	0	0	0
ASV532	0	0	0	0	22	0	0	0
ASV533	0	0	0	0	22	0	0	0
ASV534	0	0	0	0	0	22	0	0
ASV535	0	0	0	0	0	22	0	0
ASV536	0	0	0	0	0	22	0	0
ASV537	0	0	0	0	0	0	11	11
ASV538	0	0	0	0	0	0	11	11
ASV539	0	0	0	0	0	0	11	11
ASV540	0	0	0	0	0	0	11	11
ASV541	0	0	0	0	0	0	11	11
ASV542	7	0	0	14	0	0	0	0
ASV543	0	21	0	0	0	0	0	0
ASV544	0	21	0	0	0	0	0	0
ASV545	0	21	0	0	0	0	0	0
ASV546	0	17	0	0	0	4	0	0
ASV547	0	15	6	0	0	0	0	0
ASV548	0	12	9	0	0	0	0	0
ASV549	0	12	0	0	9	0	0	0
ASV550	0	7	0	0	0	0	7	7
ASV551	0	0	16	0	5	0	0	0
ASV552	0	0	0	21	0	0	0	0
ASV553	0	0	0	21	0	0	0	0
ASV554	0	0	0	21	0	0	0	0
ASV555	0	0	0	21	0	0	0	0
ASV556	0	0	0	0	21	0	0	0
ASV557	0	0	0	0	21	0	0	0
ASV558	0	0	0	0	0	21	0	0
ASV559	0	0	0	0	0	3	9	9
ASV560	20	0	0	0	0	0	0	0
ASV561	20	0	0	0	0	0	0	0
ASV562	5	2	0	8	0	5	0	0
ASV563	0	20	0	0	0	0	0	0
ASV564	0	14	6	0	0	0	0	0
ASV565	0	4	0	4	0	12	0	0
ASV566	0	0	20	0	0	0	0	0
ASV567	0	0	20	0	0	0	0	0
ASV568	0	0	0	20	0	0	0	0
ASV569	0	0	0	20	0	0	0	0
ASV570	0	0	0	20	0	0	0	0
ASV571	0	0	0	20	0	0	0	0
ASV572	0	0	0	0	20	0	0	0
ASV573	0	0	0	0	16	4	0	0
ASV574	0	0	0	0	11	9	0	0
ASV575	0	0	0	0	0	20	0	0
ASV576	0	0	0	0	0	20	0	0
ASV577	0	0	0	0	0	20	0	0
ASV578	0	0	0	0	0	20	0	0
ASV579	0	0	0	0	0	14	3	3
ASV580	0	0	0	0	0	0	10	10
ASV581	0	0	0	0	0	0	10	10
ASV582	0	0	0	0	0	0	10	10
ASV583	0	0	0	0	0	0	10	10
ASV584	0	0	0	0	0	0	10	10
ASV585	0	0	0	0	0	0	10	10
ASV586	0	0	0	0	0	0	10	10
ASV587	0	0	0	0	0	0	10	10
ASV588	14	0	0	0	5	0	0	0
ASV589	6	3	0	0	2	8	0	0
ASV590	0	19	0	0	0	0	0	0
ASV591	0	19	0	0	0	0	0	0
ASV592	0	19	0	0	0	0	0	0
ASV593	0	9	0	4	0	6	0	0
ASV594	0	4	0	0	7	0	4	4
ASV595	0	3	0	0	0	16	0	0
ASV596	0	0	19	0	0	0	0	0
ASV597	0	0	19	0	0	0	0	0
ASV598	0	0	6	13	0	0	0	0
ASV599	0	0	0	19	0	0	0	0
ASV600	0	0	0	19	0	0	0	0
ASV601	0	0	0	19	0	0	0	0
ASV602	0	0	0	19	0	0	0	0
ASV603	0	0	0	19	0	0	0	0
ASV604	0	0	0	19	0	0	0	0
ASV605	0	0	0	19	0	0	0	0
ASV606	0	0	0	0	19	0	0	0
ASV607	0	0	0	0	19	0	0	0
ASV608	0	0	0	0	19	0	0	0
ASV609	0	0	0	0	0	19	0	0
ASV610	18	0	0	0	0	0	0	0
ASV611	18	0	0	0	0	0	0	0
ASV612	0	18	0	0	0	0	0	0
ASV613	0	18	0	0	0	0	0	0
ASV614	0	14	0	0	0	4	0	0
ASV615	0	14	0	4	0	0	0	0
ASV616	0	12	6	0	0	0	0	0
ASV617	0	5	3	0	0	0	5	5
ASV618	0	2	0	6	0	0	5	5
ASV619	0	0	18	0	0	0	0	0
ASV620	0	0	18	0	0	0	0	0
ASV621	0	0	18	0	0	0	0	0
ASV622	0	0	18	0	0	0	0	0
ASV623	0	0	18	0	0	0	0	0
ASV624	0	0	18	0	0	0	0	0
ASV625	0	0	0	18	0	0	0	0
ASV626	0	0	0	0	0	0	9	9
ASV627	0	0	0	0	0	0	9	9
ASV628	0	0	0	0	0	0	9	9
ASV629	17	0	0	0	0	0	0	0
ASV630	17	0	0	0	0	0	0	0
ASV631	17	0	0	0	0	0	0	0
ASV632	17	0	0	0	0	0	0	0
ASV633	15	2	0	0	0	0	0	0
ASV634	11	6	0	0	0	0	0	0
ASV635	5	0	0	0	12	0	0	0
ASV636	0	17	0	0	0	0	0	0
ASV637	0	17	0	0	0	0	0	0
ASV638	0	17	0	0	0	0	0	0
ASV639	0	17	0	0	0	0	0	0
ASV640	0	4	0	0	5	0	4	4
ASV641	0	0	17	0	0	0	0	0
ASV642	0	0	17	0	0	0	0	0
ASV643	0	0	0	17	0	0	0	0
ASV644	0	0	0	17	0	0	0	0
ASV645	0	0	0	17	0	0	0	0
ASV646	0	0	0	17	0	0	0	0
ASV647	0	0	0	17	0	0	0	0
ASV648	0	0	0	17	0	0	0	0
ASV649	0	0	0	0	17	0	0	0
ASV650	0	0	0	0	17	0	0	0
ASV651	0	0	0	0	17	0	0	0
ASV652	0	0	0	0	17	0	0	0
ASV653	0	0	0	0	14	3	0	0
ASV654	0	0	0	0	0	17	0	0
ASV655	0	0	0	0	0	17	0	0
ASV656	0	0	0	0	0	17	0	0
ASV657	16	0	0	0	0	0	0	0
ASV658	16	0	0	0	0	0	0	0
ASV659	16	0	0	0	0	0	0	0
ASV660	16	0	0	0	0	0	0	0
ASV661	3	0	0	0	3	10	0	0
ASV662	0	16	0	0	0	0	0	0
ASV663	0	16	0	0	0	0	0	0
ASV664	0	16	0	0	0	0	0	0
ASV665	0	16	0	0	0	0	0	0
ASV666	0	12	0	0	0	0	2	2
ASV667	0	10	0	0	0	0	3	3
ASV668	0	0	16	0	0	0	0	0
ASV669	0	0	16	0	0	0	0	0
ASV670	0	0	16	0	0	0	0	0
ASV671	0	0	16	0	0	0	0	0
ASV672	0	0	16	0	0	0	0	0
ASV673	0	0	10	0	0	0	3	3
ASV674	0	0	8	8	0	0	0	0
ASV675	0	0	0	16	0	0	0	0
ASV676	0	0	0	16	0	0	0	0
ASV677	0	0	0	16	0	0	0	0
ASV678	0	0	0	11	5	0	0	0
ASV679	0	0	0	2	14	0	0	0
ASV680	0	0	0	0	16	0	0	0
ASV681	0	0	0	0	16	0	0	0
ASV682	0	0	0	0	16	0	0	0
ASV683	0	0	0	0	13	3	0	0
ASV684	0	0	0	0	0	16	0	0
ASV685	0	0	0	0	0	0	8	8
ASV686	0	0	0	0	0	0	8	8
ASV687	0	0	0	0	0	0	8	8
ASV688	0	0	0	0	0	0	8	8
ASV689	0	0	0	0	0	0	8	8
ASV690	0	0	0	0	0	0	8	8
ASV691	0	0	0	0	0	0	8	8
ASV692	15	0	0	0	0	0	0	0
ASV693	2	0	0	2	0	11	0	0
ASV694	0	15	0	0	0	0	0	0
ASV695	0	15	0	0	0	0	0	0
ASV696	0	15	0	0	0	0	0	0
ASV697	0	9	6	0	0	0	0	0
ASV698	0	7	0	0	0	0	4	4
ASV699	0	3	0	0	12	0	0	0
ASV700	0	2	0	0	7	0	3	3
ASV701	0	0	15	0	0	0	0	0
ASV702	0	0	15	0	0	0	0	0
ASV703	0	0	15	0	0	0	0	0
ASV704	0	0	15	0	0	0	0	0
ASV705	0	0	15	0	0	0	0	0
ASV706	0	0	15	0	0	0	0	0
ASV707	0	0	15	0	0	0	0	0
ASV708	0	0	0	15	0	0	0	0
ASV709	0	0	0	15	0	0	0	0
ASV710	0	0	0	15	0	0	0	0
ASV711	0	0	0	15	0	0	0	0
ASV712	0	0	0	6	0	9	0	0
ASV713	0	0	0	0	15	0	0	0
ASV714	0	0	0	0	12	3	0	0
ASV715	0	0	0	0	5	0	5	5
ASV716	0	0	0	0	0	15	0	0
ASV717	0	0	0	0	0	15	0	0
ASV718	14	0	0	0	0	0	0	0
ASV719	14	0	0	0	0	0	0	0
ASV720	9	0	0	0	5	0	0	0
ASV721	8	0	0	0	0	0	3	3
ASV722	4	0	10	0	0	0	0	0
ASV723	0	14	0	0	0	0	0	0
ASV724	0	14	0	0	0	0	0	0
ASV725	0	14	0	0	0	0	0	0
ASV726	0	14	0	0	0	0	0	0
ASV727	0	14	0	0	0	0	0	0
ASV728	0	14	0	0	0	0	0	0
ASV729	0	14	0	0	0	0	0	0
ASV730	0	14	0	0	0	0	0	0
ASV731	0	14	0	0	0	0	0	0
ASV732	0	8	0	6	0	0	0	0
ASV733	0	6	0	0	0	0	4	4
ASV734	0	3	0	0	11	0	0	0
ASV735	0	2	0	0	0	2	5	5
ASV736	0	0	14	0	0	0	0	0
ASV737	0	0	14	0	0	0	0	0
ASV738	0	0	14	0	0	0	0	0
ASV739	0	0	14	0	0	0	0	0
ASV740	0	0	14	0	0	0	0	0
ASV741	0	0	11	0	0	3	0	0
ASV742	0	0	9	0	0	5	0	0
ASV743	0	0	4	0	0	0	5	5
ASV744	0	0	0	14	0	0	0	0
ASV745	0	0	0	14	0	0	0	0
ASV746	0	0	0	14	0	0	0	0
ASV747	0	0	0	14	0	0	0	0
ASV748	0	0	0	14	0	0	0	0
ASV749	0	0	0	14	0	0	0	0
ASV750	0	0	0	10	4	0	0	0
ASV751	0	0	0	8	0	0	3	3
ASV752	0	0	0	2	12	0	0	0
ASV753	0	0	0	0	14	0	0	0
ASV754	0	0	0	0	14	0	0	0
ASV755	0	0	0	0	14	0	0	0
ASV756	0	0	0	0	14	0	0	0
ASV757	0	0	0	0	8	6	0	0
ASV758	0	0	0	0	2	0	6	6
ASV759	0	0	0	0	0	14	0	0
ASV760	0	0	0	0	0	14	0	0
ASV761	0	0	0	0	0	14	0	0
ASV762	0	0	0	0	0	6	4	4
ASV763	0	0	0	0	0	0	7	7
ASV764	0	0	0	0	0	0	7	7
ASV765	0	0	0	0	0	0	7	7
ASV766	0	0	0	0	0	0	7	7
ASV767	0	0	0	0	0	0	7	7
ASV768	0	0	0	0	0	0	7	7
ASV769	0	0	0	0	0	0	7	7
ASV770	0	0	0	0	0	0	7	7
ASV771	0	0	0	0	0	0	7	7
ASV772	0	0	0	0	0	0	7	7
ASV773	0	0	0	0	0	0	7	7
ASV774	0	0	0	0	0	0	7	7
ASV775	0	0	0	0	0	0	7	7
ASV776	0	0	0	0	0	0	7	7
ASV777	0	0	0	0	0	0	7	7
ASV778	0	0	0	0	0	0	7	7
ASV779	0	0	0	0	0	0	7	7
ASV780	0	0	0	0	0	0	7	7
ASV781	13	0	0	0	0	0	0	0
ASV782	13	0	0	0	0	0	0	0
ASV783	13	0	0	0	0	0	0	0
ASV784	13	0	0	0	0	0	0	0
ASV785	13	0	0	0	0	0	0	0
ASV786	13	0	0	0	0	0	0	0
ASV787	13	0	0	0	0	0	0	0
ASV788	13	0	0	0	0	0	0	0
ASV789	13	0	0	0	0	0	0	0
ASV790	10	3	0	0	0	0	0	0
ASV791	9	0	0	4	0	0	0	0
ASV792	6	7	0	0	0	0	0	0
ASV793	0	13	0	0	0	0	0	0
ASV794	0	13	0	0	0	0	0	0
ASV795	0	7	0	0	0	0	3	3
ASV796	0	7	0	6	0	0	0	0
ASV797	0	5	0	0	0	8	0	0
ASV798	0	4	0	0	0	9	0	0
ASV799	0	2	0	0	0	3	4	4
ASV800	0	0	13	0	0	0	0	0
ASV801	0	0	13	0	0	0	0	0
ASV802	0	0	13	0	0	0	0	0
ASV803	0	0	13	0	0	0	0	0
ASV804	0	0	13	0	0	0	0	0
ASV805	0	0	11	0	0	2	0	0
ASV806	0	0	2	2	4	5	0	0
ASV807	0	0	0	13	0	0	0	0
ASV808	0	0	0	13	0	0	0	0
ASV809	0	0	0	13	0	0	0	0
ASV810	0	0	0	4	9	0	0	0
ASV811	0	0	0	0	7	0	3	3
ASV812	0	0	0	0	0	13	0	0
ASV813	0	0	0	0	0	13	0	0
ASV814	0	0	0	0	0	13	0	0
ASV815	0	0	0	0	0	13	0	0
ASV816	0	0	0	0	0	3	5	5
ASV817	12	0	0	0	0	0	0	0
ASV818	9	3	0	0	0	0	0	0
ASV819	8	0	0	0	0	0	2	2
ASV820	7	0	0	0	5	0	0	0
ASV821	3	3	0	0	0	6	0	0
ASV822	0	12	0	0	0	0	0	0
ASV823	0	12	0	0	0	0	0	0
ASV824	0	12	0	0	0	0	0	0
ASV825	0	12	0	0	0	0	0	0
ASV826	0	12	0	0	0	0	0	0
ASV827	0	12	0	0	0	0	0	0
ASV828	0	12	0	0	0	0	0	0
ASV829	0	12	0	0	0	0	0	0
ASV830	0	12	0	0	0	0	0	0
ASV831	0	7	0	0	0	5	0	0
ASV832	0	0	12	0	0	0	0	0
ASV833	0	0	12	0	0	0	0	0
ASV834	0	0	12	0	0	0	0	0
ASV835	0	0	12	0	0	0	0	0
ASV836	0	0	12	0	0	0	0	0
ASV837	0	0	12	0	0	0	0	0
ASV838	0	0	12	0	0	0	0	0
ASV839	0	0	12	0	0	0	0	0
ASV840	0	0	0	12	0	0	0	0
ASV841	0	0	0	12	0	0	0	0
ASV842	0	0	0	12	0	0	0	0
ASV843	0	0	0	12	0	0	0	0
ASV844	0	0	0	12	0	0	0	0
ASV845	0	0	0	12	0	0	0	0
ASV846	0	0	0	12	0	0	0	0
ASV847	0	0	0	12	0	0	0	0
ASV848	0	0	0	12	0	0	0	0
ASV849	0	0	0	12	0	0	0	0
ASV850	0	0	0	12	0	0	0	0
ASV851	0	0	0	12	0	0	0	0
ASV852	0	0	0	12	0	0	0	0
ASV853	0	0	0	12	0	0	0	0
ASV854	0	0	0	8	0	4	0	0
ASV855	0	0	0	0	12	0	0	0
ASV856	0	0	0	0	12	0	0	0
ASV857	0	0	0	0	12	0	0	0
ASV858	0	0	0	0	12	0	0	0
ASV859	0	0	0	0	12	0	0	0
ASV860	0	0	0	0	12	0	0	0
ASV861	0	0	0	0	12	0	0	0
ASV862	0	0	0	0	12	0	0	0
ASV863	0	0	0	0	12	0	0	0
ASV864	0	0	0	0	0	12	0	0
ASV865	0	0	0	0	0	12	0	0
ASV866	0	0	0	0	0	12	0	0
ASV867	0	0	0	0	0	12	0	0
ASV868	0	0	0	0	0	0	6	6
ASV869	0	0	0	0	0	0	6	6
ASV870	0	0	0	0	0	0	6	6
ASV871	0	0	0	0	0	0	6	6
ASV872	0	0	0	0	0	0	6	6
ASV873	11	0	0	0	0	0	0	0
ASV874	11	0	0	0	0	0	0	0
ASV875	11	0	0	0	0	0	0	0
ASV876	11	0	0	0	0	0	0	0
ASV877	11	0	0	0	0	0	0	0
ASV878	11	0	0	0	0	0	0	0
ASV879	6	0	0	2	0	3	0	0
ASV880	4	7	0	0	0	0	0	0
ASV881	2	0	0	4	5	0	0	0
ASV882	2	9	0	0	0	0	0	0
ASV883	0	11	0	0	0	0	0	0
ASV884	0	11	0	0	0	0	0	0
ASV885	0	11	0	0	0	0	0	0
ASV886	0	11	0	0	0	0	0	0
ASV887	0	11	0	0	0	0	0	0
ASV888	0	11	0	0	0	0	0	0
ASV889	0	11	0	0	0	0	0	0
ASV890	0	9	0	2	0	0	0	0
ASV891	0	6	0	0	0	5	0	0
ASV892	0	3	0	0	0	8	0	0
ASV893	0	3	0	0	0	8	0	0
ASV894	0	0	11	0	0	0	0	0
ASV895	0	0	11	0	0	0	0	0
ASV896	0	0	11	0	0	0	0	0
ASV897	0	0	11	0	0	0	0	0
ASV898	0	0	11	0	0	0	0	0
ASV899	0	0	11	0	0	0	0	0
ASV900	0	0	11	0	0	0	0	0
ASV901	0	0	11	0	0	0	0	0
ASV902	0	0	5	0	0	0	3	3
ASV903	0	0	2	0	0	9	0	0
ASV904	0	0	0	11	0	0	0	0
ASV905	0	0	0	11	0	0	0	0
ASV906	0	0	0	11	0	0	0	0
ASV907	0	0	0	11	0	0	0	0
ASV908	0	0	0	11	0	0	0	0
ASV909	0	0	0	8	3	0	0	0
ASV910	0	0	0	8	3	0	0	0
ASV911	0	0	0	2	9	0	0	0
ASV912	0	0	0	0	11	0	0	0
ASV913	0	0	0	0	11	0	0	0
ASV914	0	0	0	0	11	0	0	0
ASV915	0	0	0	0	11	0	0	0
ASV916	0	0	0	0	11	0	0	0
ASV917	0	0	0	0	3	8	0	0
ASV918	0	0	0	0	3	8	0	0
ASV919	0	0	0	0	0	11	0	0
ASV920	0	0	0	0	0	11	0	0
ASV921	0	0	0	0	0	11	0	0
ASV922	0	0	0	0	0	11	0	0
ASV923	0	0	0	0	0	11	0	0
ASV924	0	0	0	0	0	11	0	0
ASV925	0	0	0	0	0	11	0	0
ASV926	0	0	0	0	0	11	0	0
ASV927	0	0	0	0	0	11	0	0
ASV928	10	0	0	0	0	0	0	0
ASV929	10	0	0	0	0	0	0	0
ASV930	10	0	0	0	0	0	0	0
ASV931	6	2	0	0	2	0	0	0
ASV932	5	0	0	0	0	5	0	0
ASV933	2	0	0	0	5	3	0	0
ASV934	0	10	0	0	0	0	0	0
ASV935	0	10	0	0	0	0	0	0
ASV936	0	10	0	0	0	0	0	0
ASV937	0	10	0	0	0	0	0	0
ASV938	0	10	0	0	0	0	0	0
ASV939	0	10	0	0	0	0	0	0
ASV940	0	10	0	0	0	0	0	0
ASV941	0	10	0	0	0	0	0	0
ASV942	0	10	0	0	0	0	0	0
ASV943	0	7	0	0	0	3	0	0
ASV944	0	7	0	0	0	3	0	0
ASV945	0	4	0	0	0	0	3	3
ASV946	0	4	0	0	0	6	0	0
ASV947	0	2	0	0	8	0	0	0
ASV948	0	0	10	0	0	0	0	0
ASV949	0	0	10	0	0	0	0	0
ASV950	0	0	10	0	0	0	0	0
ASV951	0	0	10	0	0	0	0	0
ASV952	0	0	10	0	0	0	0	0
ASV953	0	0	10	0	0	0	0	0
ASV954	0	0	10	0	0	0	0	0
ASV955	0	0	10	0	0	0	0	0
ASV956	0	0	10	0	0	0	0	0
ASV957	0	0	10	0	0	0	0	0
ASV958	0	0	10	0	0	0	0	0
ASV959	0	0	10	0	0	0	0	0
ASV960	0	0	10	0	0	0	0	0
ASV961	0	0	10	0	0	0	0	0
ASV962	0	0	10	0	0	0	0	0
ASV963	0	0	4	0	0	6	0	0
ASV964	0	0	3	0	0	3	2	2
ASV965	0	0	0	10	0	0	0	0
ASV966	0	0	0	10	0	0	0	0
ASV967	0	0	0	10	0	0	0	0
ASV968	0	0	0	10	0	0	0	0
ASV969	0	0	0	10	0	0	0	0
ASV970	0	0	0	10	0	0	0	0
ASV971	0	0	0	10	0	0	0	0
ASV972	0	0	0	10	0	0	0	0
ASV973	0	0	0	10	0	0	0	0
ASV974	0	0	0	10	0	0	0	0
ASV975	0	0	0	10	0	0	0	0
ASV976	0	0	0	10	0	0	0	0
ASV977	0	0	0	10	0	0	0	0
ASV978	0	0	0	10	0	0	0	0
ASV979	0	0	0	10	0	0	0	0
ASV980	0	0	0	10	0	0	0	0
ASV981	0	0	0	6	0	0	2	2
ASV982	0	0	0	4	0	0	3	3
ASV983	0	0	0	0	10	0	0	0
ASV984	0	0	0	0	10	0	0	0
ASV985	0	0	0	0	10	0	0	0
ASV986	0	0	0	0	10	0	0	0
ASV987	0	0	0	0	10	0	0	0
ASV988	0	0	0	0	10	0	0	0
ASV989	0	0	0	0	10	0	0	0
ASV990	0	0	0	0	10	0	0	0
ASV991	0	0	0	0	10	0	0	0
ASV992	0	0	0	0	10	0	0	0
ASV993	0	0	0	0	10	0	0	0
ASV994	0	0	0	0	0	10	0	0
ASV995	0	0	0	0	0	0	5	5
ASV996	0	0	0	0	0	0	5	5
ASV997	0	0	0	0	0	0	5	5
ASV998	0	0	0	0	0	0	5	5
ASV999	0	0	0	0	0	0	5	5
ASV1000	0	0	0	0	0	0	5	5
ASV1001	0	0	0	0	0	0	5	5
ASV1002	0	0	0	0	0	0	5	5
ASV1003	0	0	0	0	0	0	5	5
ASV1004	0	0	0	0	0	0	5	5
ASV1005	0	0	0	0	0	0	5	5
ASV1006	0	0	0	0	0	0	5	5
ASV1007	0	0	0	0	0	0	5	5
ASV1008	0	0	0	0	0	0	5	5
ASV1009	0	0	0	0	0	0	5	5
ASV1010	0	0	0	0	0	0	5	5
ASV1011	0	0	0	0	0	0	5	5
ASV1012	0	0	0	0	0	0	5	5
ASV1013	0	0	0	0	0	0	5	5
ASV1014	0	0	0	0	0	0	5	5
ASV1015	0	0	0	0	0	0	5	5
ASV1016	0	0	0	0	0	0	5	5
ASV1017	0	0	0	0	0	0	5	5
ASV1018	0	0	0	0	0	0	5	5
ASV1019	0	0	0	0	0	0	5	5
ASV1020	0	0	0	0	0	0	5	5
ASV1021	0	0	0	0	0	0	5	5
ASV1022	0	0	0	0	0	0	5	5
ASV1023	0	0	0	0	0	0	5	5
ASV1024	0	0	0	0	0	0	5	5
ASV1025	0	0	0	0	0	0	5	5
ASV1026	0	0	0	0	0	0	5	5
ASV1027	0	0	0	0	0	0	5	5
ASV1028	0	0	0	0	0	0	5	5
ASV1029	0	0	0	0	0	0	5	5
ASV1030	0	0	0	0	0	0	5	5
ASV1031	0	0	0	0	0	0	5	5
ASV1032	0	0	0	0	0	0	5	5
ASV1033	0	0	0	0	0	0	5	5
ASV1034	0	0	0	0	0	0	5	5
ASV1035	0	0	0	0	0	0	5	5
ASV1036	9	0	0	0	0	0	0	0
ASV1037	9	0	0	0	0	0	0	0
ASV1038	9	0	0	0	0	0	0	0
ASV1039	9	0	0	0	0	0	0	0
ASV1040	9	0	0	0	0	0	0	0
ASV1041	9	0	0	0	0	0	0	0
ASV1042	9	0	0	0	0	0	0	0
ASV1043	9	0	0	0	0	0	0	0
ASV1044	9	0	0	0	0	0	0	0
ASV1045	7	2	0	0	0	0	0	0
ASV1046	6	0	3	0	0	0	0	0
ASV1047	0	9	0	0	0	0	0	0
ASV1048	0	9	0	0	0	0	0	0
ASV1049	0	9	0	0	0	0	0	0
ASV1050	0	9	0	0	0	0	0	0
ASV1051	0	9	0	0	0	0	0	0
ASV1052	0	9	0	0	0	0	0	0
ASV1053	0	9	0	0	0	0	0	0
ASV1054	0	9	0	0	0	0	0	0
ASV1055	0	9	0	0	0	0	0	0
ASV1056	0	9	0	0	0	0	0	0
ASV1057	0	9	0	0	0	0	0	0
ASV1058	0	9	0	0	0	0	0	0
ASV1059	0	9	0	0	0	0	0	0
ASV1060	0	9	0	0	0	0	0	0
ASV1061	0	9	0	0	0	0	0	0
ASV1062	0	9	0	0	0	0	0	0
ASV1063	0	9	0	0	0	0	0	0
ASV1064	0	9	0	0	0	0	0	0
ASV1065	0	9	0	0	0	0	0	0
ASV1066	0	9	0	0	0	0	0	0
ASV1067	0	9	0	0	0	0	0	0
ASV1068	0	9	0	0	0	0	0	0
ASV1069	0	7	0	0	0	2	0	0
ASV1070	0	5	0	0	0	0	2	2
ASV1071	0	2	0	0	7	0	0	0
ASV1072	0	0	9	0	0	0	0	0
ASV1073	0	0	9	0	0	0	0	0
ASV1074	0	0	9	0	0	0	0	0
ASV1075	0	0	7	2	0	0	0	0
ASV1076	0	0	7	2	0	0	0	0
ASV1077	0	0	6	0	3	0	0	0
ASV1078	0	0	5	0	0	0	2	2
ASV1079	0	0	3	0	0	0	3	3
ASV1080	0	0	2	0	0	3	2	2
ASV1081	0	0	0	9	0	0	0	0
ASV1082	0	0	0	9	0	0	0	0
ASV1083	0	0	0	9	0	0	0	0
ASV1084	0	0	0	9	0	0	0	0
ASV1085	0	0	0	6	3	0	0	0
ASV1086	0	0	0	4	5	0	0	0
ASV1087	0	0	0	0	9	0	0	0
ASV1088	0	0	0	0	9	0	0	0
ASV1089	0	0	0	0	9	0	0	0
ASV1090	0	0	0	0	9	0	0	0
ASV1091	0	0	0	0	9	0	0	0
ASV1092	0	0	0	0	9	0	0	0
ASV1093	0	0	0	0	9	0	0	0
ASV1094	0	0	0	0	9	0	0	0
ASV1095	0	0	0	0	9	0	0	0
ASV1096	0	0	0	0	9	0	0	0
ASV1097	0	0	0	0	9	0	0	0
ASV1098	0	0	0	0	9	0	0	0
ASV1099	0	0	0	0	9	0	0	0
ASV1100	0	0	0	0	9	0	0	0
ASV1101	0	0	0	0	9	0	0	0
ASV1102	0	0	0	0	9	0	0	0
ASV1103	0	0	0	0	9	0	0	0
ASV1104	0	0	0	0	9	0	0	0
ASV1105	0	0	0	0	0	9	0	0
ASV1106	0	0	0	0	0	9	0	0
ASV1107	0	0	0	0	0	9	0	0
ASV1108	0	0	0	0	0	9	0	0
ASV1109	0	0	0	0	0	9	0	0
ASV1110	0	0	0	0	0	9	0	0
ASV1111	0	0	0	0	0	9	0	0
ASV1112	0	0	0	0	0	9	0	0
ASV1113	0	0	0	0	0	3	3	3
ASV1114	8	0	0	0	0	0	0	0
ASV1115	8	0	0	0	0	0	0	0
ASV1116	8	0	0	0	0	0	0	0
ASV1117	8	0	0	0	0	0	0	0
ASV1118	8	0	0	0	0	0	0	0
ASV1119	5	0	3	0	0	0	0	0
ASV1120	0	8	0	0	0	0	0	0
ASV1121	0	8	0	0	0	0	0	0
ASV1122	0	8	0	0	0	0	0	0
ASV1123	0	8	0	0	0	0	0	0
ASV1124	0	5	0	0	0	3	0	0
ASV1125	0	5	3	0	0	0	0	0
ASV1126	0	3	0	0	5	0	0	0
ASV1127	0	2	0	0	0	0	3	3
ASV1128	0	0	8	0	0	0	0	0
ASV1129	0	0	8	0	0	0	0	0
ASV1130	0	0	8	0	0	0	0	0
ASV1131	0	0	8	0	0	0	0	0
ASV1132	0	0	8	0	0	0	0	0
ASV1133	0	0	8	0	0	0	0	0
ASV1134	0	0	8	0	0	0	0	0
ASV1135	0	0	8	0	0	0	0	0
ASV1136	0	0	8	0	0	0	0	0
ASV1137	0	0	8	0	0	0	0	0
ASV1138	0	0	8	0	0	0	0	0
ASV1139	0	0	8	0	0	0	0	0
ASV1140	0	0	8	0	0	0	0	0
ASV1141	0	0	8	0	0	0	0	0
ASV1142	0	0	8	0	0	0	0	0
ASV1143	0	0	8	0	0	0	0	0
ASV1144	0	0	8	0	0	0	0	0
ASV1145	0	0	8	0	0	0	0	0
ASV1146	0	0	8	0	0	0	0	0
ASV1147	0	0	8	0	0	0	0	0
ASV1148	0	0	8	0	0	0	0	0
ASV1149	0	0	8	0	0	0	0	0
ASV1150	0	0	5	0	3	0	0	0
ASV1151	0	0	4	0	0	0	2	2
ASV1152	0	0	0	8	0	0	0	0
ASV1153	0	0	0	8	0	0	0	0
ASV1154	0	0	0	8	0	0	0	0
ASV1155	0	0	0	8	0	0	0	0
ASV1156	0	0	0	8	0	0	0	0
ASV1157	0	0	0	8	0	0	0	0
ASV1158	0	0	0	8	0	0	0	0
ASV1159	0	0	0	8	0	0	0	0
ASV1160	0	0	0	8	0	0	0	0
ASV1161	0	0	0	8	0	0	0	0
ASV1162	0	0	0	8	0	0	0	0
ASV1163	0	0	0	8	0	0	0	0
ASV1164	0	0	0	8	0	0	0	0
ASV1165	0	0	0	8	0	0	0	0
ASV1166	0	0	0	8	0	0	0	0
ASV1167	0	0	0	8	0	0	0	0
ASV1168	0	0	0	8	0	0	0	0
ASV1169	0	0	0	8	0	0	0	0
ASV1170	0	0	0	8	0	0	0	0
ASV1171	0	0	0	4	0	0	2	2
ASV1172	0	0	0	2	0	0	3	3
ASV1173	0	0	0	0	8	0	0	0
ASV1174	0	0	0	0	8	0	0	0
ASV1175	0	0	0	0	8	0	0	0
ASV1176	0	0	0	0	5	3	0	0
ASV1177	0	0	0	0	2	0	3	3
ASV1178	0	0	0	0	0	8	0	0
ASV1179	0	0	0	0	0	8	0	0
ASV1180	0	0	0	0	0	8	0	0
ASV1181	0	0	0	0	0	8	0	0
ASV1182	0	0	0	0	0	8	0	0
ASV1183	0	0	0	0	0	8	0	0
ASV1184	0	0	0	0	0	8	0	0
ASV1185	0	0	0	0	0	8	0	0
ASV1186	0	0	0	0	0	8	0	0
ASV1187	0	0	0	0	0	8	0	0
ASV1188	0	0	0	0	0	8	0	0
ASV1189	0	0	0	0	0	8	0	0
ASV1190	0	0	0	0	0	8	0	0
ASV1191	0	0	0	0	0	0	4	4
ASV1192	0	0	0	0	0	0	4	4
ASV1193	0	0	0	0	0	0	4	4
ASV1194	0	0	0	0	0	0	4	4
ASV1195	0	0	0	0	0	0	4	4
ASV1196	0	0	0	0	0	0	4	4
ASV1197	0	0	0	0	0	0	4	4
ASV1198	0	0	0	0	0	0	4	4
ASV1199	0	0	0	0	0	0	4	4
ASV1200	0	0	0	0	0	0	4	4
ASV1201	0	0	0	0	0	0	4	4
ASV1202	0	0	0	0	0	0	4	4
ASV1203	0	0	0	0	0	0	4	4
ASV1204	0	0	0	0	0	0	4	4
ASV1205	0	0	0	0	0	0	4	4
ASV1206	0	0	0	0	0	0	4	4
ASV1207	0	0	0	0	0	0	4	4
ASV1208	0	0	0	0	0	0	4	4
ASV1209	0	0	0	0	0	0	4	4
ASV1210	0	0	0	0	0	0	4	4
ASV1211	0	0	0	0	0	0	4	4
ASV1212	0	0	0	0	0	0	4	4
ASV1213	0	0	0	0	0	0	4	4
ASV1214	0	0	0	0	0	0	4	4
ASV1215	0	0	0	0	0	0	4	4
ASV1216	0	0	0	0	0	0	4	4
ASV1217	0	0	0	0	0	0	4	4
ASV1218	0	0	0	0	0	0	4	4
ASV1219	0	0	0	0	0	0	4	4
ASV1220	0	0	0	0	0	0	4	4
ASV1221	0	0	0	0	0	0	4	4
ASV1222	0	0	0	0	0	0	4	4
ASV1223	0	0	0	0	0	0	4	4
ASV1224	0	0	0	0	0	0	4	4
ASV1225	7	0	0	0	0	0	0	0
ASV1226	7	0	0	0	0	0	0	0
ASV1227	7	0	0	0	0	0	0	0
ASV1228	7	0	0	0	0	0	0	0
ASV1229	7	0	0	0	0	0	0	0
ASV1230	7	0	0	0	0	0	0	0
ASV1231	2	3	0	0	2	0	0	0
ASV1232	2	5	0	0	0	0	0	0
ASV1233	2	0	0	0	5	0	0	0
ASV1234	0	7	0	0	0	0	0	0
ASV1235	0	7	0	0	0	0	0	0
ASV1236	0	7	0	0	0	0	0	0
ASV1237	0	7	0	0	0	0	0	0
ASV1238	0	7	0	0	0	0	0	0
ASV1239	0	7	0	0	0	0	0	0
ASV1240	0	7	0	0	0	0	0	0
ASV1241	0	7	0	0	0	0	0	0
ASV1242	0	7	0	0	0	0	0	0
ASV1243	0	7	0	0	0	0	0	0
ASV1244	0	7	0	0	0	0	0	0
ASV1245	0	7	0	0	0	0	0	0
ASV1246	0	7	0	0	0	0	0	0
ASV1247	0	7	0	0	0	0	0	0
ASV1248	0	7	0	0	0	0	0	0
ASV1249	0	7	0	0	0	0	0	0
ASV1250	0	7	0	0	0	0	0	0
ASV1251	0	7	0	0	0	0	0	0
ASV1252	0	7	0	0	0	0	0	0
ASV1253	0	7	0	0	0	0	0	0
ASV1254	0	7	0	0	0	0	0	0
ASV1255	0	7	0	0	0	0	0	0
ASV1256	0	7	0	0	0	0	0	0
ASV1257	0	7	0	0	0	0	0	0
ASV1258	0	7	0	0	0	0	0	0
ASV1259	0	7	0	0	0	0	0	0
ASV1260	0	7	0	0	0	0	0	0
ASV1261	0	7	0	0	0	0	0	0
ASV1262	0	4	0	0	0	3	0	0
ASV1263	0	3	0	0	0	4	0	0
ASV1264	0	2	0	0	5	0	0	0
ASV1265	0	0	7	0	0	0	0	0
ASV1266	0	0	7	0	0	0	0	0
ASV1267	0	0	7	0	0	0	0	0
ASV1268	0	0	7	0	0	0	0	0
ASV1269	0	0	7	0	0	0	0	0
ASV1270	0	0	7	0	0	0	0	0
ASV1271	0	0	7	0	0	0	0	0
ASV1272	0	0	7	0	0	0	0	0
ASV1273	0	0	7	0	0	0	0	0
ASV1274	0	0	7	0	0	0	0	0
ASV1275	0	0	7	0	0	0	0	0
ASV1276	0	0	7	0	0	0	0	0
ASV1277	0	0	7	0	0	0	0	0
ASV1278	0	0	7	0	0	0	0	0
ASV1279	0	0	7	0	0	0	0	0
ASV1280	0	0	7	0	0	0	0	0
ASV1281	0	0	7	0	0	0	0	0
ASV1282	0	0	7	0	0	0	0	0
ASV1283	0	0	7	0	0	0	0	0
ASV1284	0	0	7	0	0	0	0	0
ASV1285	0	0	7	0	0	0	0	0
ASV1286	0	0	3	0	4	0	0	0
ASV1287	0	0	2	5	0	0	0	0
ASV1288	0	0	0	7	0	0	0	0
ASV1289	0	0	0	7	0	0	0	0
ASV1290	0	0	0	7	0	0	0	0
ASV1291	0	0	0	7	0	0	0	0
ASV1292	0	0	0	7	0	0	0	0
ASV1293	0	0	0	7	0	0	0	0
ASV1294	0	0	0	7	0	0	0	0
ASV1295	0	0	0	7	0	0	0	0
ASV1296	0	0	0	7	0	0	0	0
ASV1297	0	0	0	7	0	0	0	0
ASV1298	0	0	0	4	3	0	0	0
ASV1299	0	0	0	0	7	0	0	0
ASV1300	0	0	0	0	7	0	0	0
ASV1301	0	0	0	0	7	0	0	0
ASV1302	0	0	0	0	7	0	0	0
ASV1303	0	0	0	0	7	0	0	0
ASV1304	0	0	0	0	7	0	0	0
ASV1305	0	0	0	0	7	0	0	0
ASV1306	0	0	0	0	7	0	0	0
ASV1307	0	0	0	0	7	0	0	0
ASV1308	0	0	0	0	7	0	0	0
ASV1309	0	0	0	0	7	0	0	0
ASV1310	0	0	0	0	7	0	0	0
ASV1311	0	0	0	0	7	0	0	0
ASV1312	0	0	0	0	7	0	0	0
ASV1313	0	0	0	0	7	0	0	0
ASV1314	0	0	0	0	7	0	0	0
ASV1315	0	0	0	0	7	0	0	0
ASV1316	0	0	0	0	3	4	0	0
ASV1317	0	0	0	0	0	3	2	2
ASV1318	6	0	0	0	0	0	0	0
ASV1319	6	0	0	0	0	0	0	0
ASV1320	6	0	0	0	0	0	0	0
ASV1321	6	0	0	0	0	0	0	0
ASV1322	6	0	0	0	0	0	0	0
ASV1323	6	0	0	0	0	0	0	0
ASV1324	6	0	0	0	0	0	0	0
ASV1325	6	0	0	0	0	0	0	0
ASV1326	6	0	0	0	0	0	0	0
ASV1327	6	0	0	0	0	0	0	0
ASV1328	4	0	0	0	0	2	0	0
ASV1329	0	6	0	0	0	0	0	0
ASV1330	0	6	0	0	0	0	0	0
ASV1331	0	6	0	0	0	0	0	0
ASV1332	0	6	0	0	0	0	0	0
ASV1333	0	6	0	0	0	0	0	0
ASV1334	0	6	0	0	0	0	0	0
ASV1335	0	6	0	0	0	0	0	0
ASV1336	0	6	0	0	0	0	0	0
ASV1337	0	6	0	0	0	0	0	0
ASV1338	0	6	0	0	0	0	0	0
ASV1339	0	6	0	0	0	0	0	0
ASV1340	0	6	0	0	0	0	0	0
ASV1341	0	6	0	0	0	0	0	0
ASV1342	0	6	0	0	0	0	0	0
ASV1343	0	6	0	0	0	0	0	0
ASV1344	0	6	0	0	0	0	0	0
ASV1345	0	4	0	2	0	0	0	0
ASV1346	0	4	0	2	0	0	0	0
ASV1347	0	3	0	0	3	0	0	0
ASV1348	0	2	0	0	0	0	2	2
ASV1349	0	2	0	0	0	0	2	2
ASV1350	0	2	0	0	0	0	2	2
ASV1351	0	0	6	0	0	0	0	0
ASV1352	0	0	6	0	0	0	0	0
ASV1353	0	0	6	0	0	0	0	0
ASV1354	0	0	6	0	0	0	0	0
ASV1355	0	0	6	0	0	0	0	0
ASV1356	0	0	6	0	0	0	0	0
ASV1357	0	0	6	0	0	0	0	0
ASV1358	0	0	6	0	0	0	0	0
ASV1359	0	0	6	0	0	0	0	0
ASV1360	0	0	6	0	0	0	0	0
ASV1361	0	0	6	0	0	0	0	0
ASV1362	0	0	6	0	0	0	0	0
ASV1363	0	0	6	0	0	0	0	0
ASV1364	0	0	6	0	0	0	0	0
ASV1365	0	0	6	0	0	0	0	0
ASV1366	0	0	6	0	0	0	0	0
ASV1367	0	0	6	0	0	0	0	0
ASV1368	0	0	6	0	0	0	0	0
ASV1369	0	0	6	0	0	0	0	0
ASV1370	0	0	6	0	0	0	0	0
ASV1371	0	0	2	0	0	0	2	2
ASV1372	0	0	0	6	0	0	0	0
ASV1373	0	0	0	6	0	0	0	0
ASV1374	0	0	0	6	0	0	0	0
ASV1375	0	0	0	6	0	0	0	0
ASV1376	0	0	0	6	0	0	0	0
ASV1377	0	0	0	6	0	0	0	0
ASV1378	0	0	0	6	0	0	0	0
ASV1379	0	0	0	6	0	0	0	0
ASV1380	0	0	0	6	0	0	0	0
ASV1381	0	0	0	6	0	0	0	0
ASV1382	0	0	0	6	0	0	0	0
ASV1383	0	0	0	6	0	0	0	0
ASV1384	0	0	0	6	0	0	0	0
ASV1385	0	0	0	6	0	0	0	0
ASV1386	0	0	0	6	0	0	0	0
ASV1387	0	0	0	6	0	0	0	0
ASV1388	0	0	0	6	0	0	0	0
ASV1389	0	0	0	6	0	0	0	0
ASV1390	0	0	0	6	0	0	0	0
ASV1391	0	0	0	6	0	0	0	0
ASV1392	0	0	0	6	0	0	0	0
ASV1393	0	0	0	6	0	0	0	0
ASV1394	0	0	0	6	0	0	0	0
ASV1395	0	0	0	6	0	0	0	0
ASV1396	0	0	0	6	0	0	0	0
ASV1397	0	0	0	6	0	0	0	0
ASV1398	0	0	0	6	0	0	0	0
ASV1399	0	0	0	6	0	0	0	0
ASV1400	0	0	0	6	0	0	0	0
ASV1401	0	0	0	6	0	0	0	0
ASV1402	0	0	0	6	0	0	0	0
ASV1403	0	0	0	6	0	0	0	0
ASV1404	0	0	0	6	0	0	0	0
ASV1405	0	0	0	6	0	0	0	0
ASV1406	0	0	0	6	0	0	0	0
ASV1407	0	0	0	6	0	0	0	0
ASV1408	0	0	0	6	0	0	0	0
ASV1409	0	0	0	2	0	0	2	2
ASV1410	0	0	0	0	6	0	0	0
ASV1411	0	0	0	0	0	6	0	0
ASV1412	0	0	0	0	0	6	0	0
ASV1413	0	0	0	0	0	6	0	0
ASV1414	0	0	0	0	0	6	0	0
ASV1415	0	0	0	0	0	6	0	0
ASV1416	0	0	0	0	0	6	0	0
ASV1417	0	0	0	0	0	6	0	0
ASV1418	0	0	0	0	0	6	0	0
ASV1419	0	0	0	0	0	6	0	0
ASV1420	0	0	0	0	0	6	0	0
ASV1421	0	0	0	0	0	6	0	0
ASV1422	0	0	0	0	0	6	0	0
ASV1423	0	0	0	0	0	6	0	0
ASV1424	0	0	0	0	0	6	0	0
ASV1425	0	0	0	0	0	6	0	0
ASV1426	0	0	0	0	0	6	0	0
ASV1427	0	0	0	0	0	6	0	0
ASV1428	0	0	0	0	0	6	0	0
ASV1429	0	0	0	0	0	6	0	0
ASV1430	0	0	0	0	0	0	3	3
ASV1431	0	0	0	0	0	0	3	3
ASV1432	0	0	0	0	0	0	3	3
ASV1433	0	0	0	0	0	0	3	3
ASV1434	0	0	0	0	0	0	3	3
ASV1435	0	0	0	0	0	0	3	3
ASV1436	0	0	0	0	0	0	3	3
ASV1437	0	0	0	0	0	0	3	3
ASV1438	0	0	0	0	0	0	3	3
ASV1439	0	0	0	0	0	0	3	3
ASV1440	0	0	0	0	0	0	3	3
ASV1441	0	0	0	0	0	0	3	3
ASV1442	0	0	0	0	0	0	3	3
ASV1443	0	0	0	0	0	0	3	3
ASV1444	0	0	0	0	0	0	3	3
ASV1445	0	0	0	0	0	0	3	3
ASV1446	0	0	0	0	0	0	3	3
ASV1447	0	0	0	0	0	0	3	3
ASV1448	0	0	0	0	0	0	3	3
ASV1449	0	0	0	0	0	0	3	3
ASV1450	0	0	0	0	0	0	3	3
ASV1451	0	0	0	0	0	0	3	3
ASV1452	0	0	0	0	0	0	3	3
ASV1453	0	0	0	0	0	0	3	3
ASV1454	0	0	0	0	0	0	3	3
ASV1455	0	0	0	0	0	0	3	3
ASV1456	0	0	0	0	0	0	3	3
ASV1457	0	0	0	0	0	0	3	3
ASV1458	0	0	0	0	0	0	3	3
ASV1459	0	0	0	0	0	0	3	3
ASV1460	0	0	0	0	0	0	3	3
ASV1461	0	0	0	0	0	0	3	3
ASV1462	0	0	0	0	0	0	3	3
ASV1463	0	0	0	0	0	0	3	3
ASV1464	0	0	0	0	0	0	3	3
ASV1465	0	0	0	0	0	0	3	3
ASV1466	0	0	0	0	0	0	3	3
ASV1467	0	0	0	0	0	0	3	3
ASV1468	0	0	0	0	0	0	3	3
ASV1469	0	0	0	0	0	0	3	3
ASV1470	0	0	0	0	0	0	3	3
ASV1471	5	0	0	0	0	0	0	0
ASV1472	5	0	0	0	0	0	0	0
ASV1473	5	0	0	0	0	0	0	0
ASV1474	5	0	0	0	0	0	0	0
ASV1475	5	0	0	0	0	0	0	0
ASV1476	5	0	0	0	0	0	0	0
ASV1477	5	0	0	0	0	0	0	0
ASV1478	5	0	0	0	0	0	0	0
ASV1479	5	0	0	0	0	0	0	0
ASV1480	0	5	0	0	0	0	0	0
ASV1481	0	5	0	0	0	0	0	0
ASV1482	0	5	0	0	0	0	0	0
ASV1483	0	5	0	0	0	0	0	0
ASV1484	0	5	0	0	0	0	0	0
ASV1485	0	5	0	0	0	0	0	0
ASV1486	0	5	0	0	0	0	0	0
ASV1487	0	5	0	0	0	0	0	0
ASV1488	0	5	0	0	0	0	0	0
ASV1489	0	5	0	0	0	0	0	0
ASV1490	0	5	0	0	0	0	0	0
ASV1491	0	5	0	0	0	0	0	0
ASV1492	0	5	0	0	0	0	0	0
ASV1493	0	5	0	0	0	0	0	0
ASV1494	0	5	0	0	0	0	0	0
ASV1495	0	5	0	0	0	0	0	0
ASV1496	0	5	0	0	0	0	0	0
ASV1497	0	5	0	0	0	0	0	0
ASV1498	0	5	0	0	0	0	0	0
ASV1499	0	5	0	0	0	0	0	0
ASV1500	0	5	0	0	0	0	0	0
ASV1501	0	5	0	0	0	0	0	0
ASV1502	0	5	0	0	0	0	0	0
ASV1503	0	5	0	0	0	0	0	0
ASV1504	0	5	0	0	0	0	0	0
ASV1505	0	5	0	0	0	0	0	0
ASV1506	0	5	0	0	0	0	0	0
ASV1507	0	5	0	0	0	0	0	0
ASV1508	0	5	0	0	0	0	0	0
ASV1509	0	5	0	0	0	0	0	0
ASV1510	0	5	0	0	0	0	0	0
ASV1511	0	5	0	0	0	0	0	0
ASV1512	0	5	0	0	0	0	0	0
ASV1513	0	5	0	0	0	0	0	0
ASV1514	0	5	0	0	0	0	0	0
ASV1515	0	5	0	0	0	0	0	0
ASV1516	0	5	0	0	0	0	0	0
ASV1517	0	5	0	0	0	0	0	0
ASV1518	0	5	0	0	0	0	0	0
ASV1519	0	5	0	0	0	0	0	0
ASV1520	0	5	0	0	0	0	0	0
ASV1521	0	2	0	0	3	0	0	0
ASV1522	0	2	0	0	0	3	0	0
ASV1523	0	2	0	0	0	3	0	0
ASV1524	0	2	0	0	0	3	0	0
ASV1525	0	2	3	0	0	0	0	0
ASV1526	0	2	3	0	0	0	0	0
ASV1527	0	0	5	0	0	0	0	0
ASV1528	0	0	5	0	0	0	0	0
ASV1529	0	0	5	0	0	0	0	0
ASV1530	0	0	5	0	0	0	0	0
ASV1531	0	0	5	0	0	0	0	0
ASV1532	0	0	5	0	0	0	0	0
ASV1533	0	0	5	0	0	0	0	0
ASV1534	0	0	5	0	0	0	0	0
ASV1535	0	0	5	0	0	0	0	0
ASV1536	0	0	5	0	0	0	0	0
ASV1537	0	0	5	0	0	0	0	0
ASV1538	0	0	5	0	0	0	0	0
ASV1539	0	0	5	0	0	0	0	0
ASV1540	0	0	5	0	0	0	0	0
ASV1541	0	0	5	0	0	0	0	0
ASV1542	0	0	5	0	0	0	0	0
ASV1543	0	0	5	0	0	0	0	0
ASV1544	0	0	5	0	0	0	0	0
ASV1545	0	0	5	0	0	0	0	0
ASV1546	0	0	5	0	0	0	0	0
ASV1547	0	0	5	0	0	0	0	0
ASV1548	0	0	5	0	0	0	0	0
ASV1549	0	0	5	0	0	0	0	0
ASV1550	0	0	5	0	0	0	0	0
ASV1551	0	0	5	0	0	0	0	0
ASV1552	0	0	5	0	0	0	0	0
ASV1553	0	0	5	0	0	0	0	0
ASV1554	0	0	5	0	0	0	0	0
ASV1555	0	0	5	0	0	0	0	0
ASV1556	0	0	5	0	0	0	0	0
ASV1557	0	0	5	0	0	0	0	0
ASV1558	0	0	5	0	0	0	0	0
ASV1559	0	0	5	0	0	0	0	0
ASV1560	0	0	5	0	0	0	0	0
ASV1561	0	0	5	0	0	0	0	0
ASV1562	0	0	5	0	0	0	0	0
ASV1563	0	0	5	0	0	0	0	0
ASV1564	0	0	5	0	0	0	0	0
ASV1565	0	0	5	0	0	0	0	0
ASV1566	0	0	5	0	0	0	0	0
ASV1567	0	0	5	0	0	0	0	0
ASV1568	0	0	5	0	0	0	0	0
ASV1569	0	0	5	0	0	0	0	0
ASV1570	0	0	5	0	0	0	0	0
ASV1571	0	0	5	0	0	0	0	0
ASV1572	0	0	5	0	0	0	0	0
ASV1573	0	0	5	0	0	0	0	0
ASV1574	0	0	5	0	0	0	0	0
ASV1575	0	0	5	0	0	0	0	0
ASV1576	0	0	5	0	0	0	0	0
ASV1577	0	0	5	0	0	0	0	0
ASV1578	0	0	5	0	0	0	0	0
ASV1579	0	0	5	0	0	0	0	0
ASV1580	0	0	5	0	0	0	0	0
ASV1581	0	0	3	0	2	0	0	0
ASV1582	0	0	0	5	0	0	0	0
ASV1583	0	0	0	5	0	0	0	0
ASV1584	0	0	0	5	0	0	0	0
ASV1585	0	0	0	5	0	0	0	0
ASV1586	0	0	0	5	0	0	0	0
ASV1587	0	0	0	5	0	0	0	0
ASV1588	0	0	0	5	0	0	0	0
ASV1589	0	0	0	3	2	0	0	0
ASV1590	0	0	0	2	3	0	0	0
ASV1591	0	0	0	0	5	0	0	0
ASV1592	0	0	0	0	5	0	0	0
ASV1593	0	0	0	0	5	0	0	0
ASV1594	0	0	0	0	5	0	0	0
ASV1595	0	0	0	0	5	0	0	0
ASV1596	0	0	0	0	5	0	0	0
ASV1597	0	0	0	0	5	0	0	0
ASV1598	0	0	0	0	5	0	0	0
ASV1599	0	0	0	0	5	0	0	0
ASV1600	0	0	0	0	5	0	0	0
ASV1601	0	0	0	0	5	0	0	0
ASV1602	0	0	0	0	5	0	0	0
ASV1603	0	0	0	0	5	0	0	0
ASV1604	0	0	0	0	5	0	0	0
ASV1605	0	0	0	0	5	0	0	0
ASV1606	0	0	0	0	5	0	0	0
ASV1607	0	0	0	0	5	0	0	0
ASV1608	0	0	0	0	5	0	0	0
ASV1609	0	0	0	0	5	0	0	0
ASV1610	0	0	0	0	5	0	0	0
ASV1611	0	0	0	0	5	0	0	0
ASV1612	0	0	0	0	5	0	0	0
ASV1613	0	0	0	0	5	0	0	0
ASV1614	0	0	0	0	5	0	0	0
ASV1615	0	0	0	0	5	0	0	0
ASV1616	0	0	0	0	5	0	0	0
ASV1617	0	0	0	0	5	0	0	0
ASV1618	0	0	0	0	5	0	0	0
ASV1619	0	0	0	0	5	0	0	0
ASV1620	0	0	0	0	5	0	0	0
ASV1621	0	0	0	0	5	0	0	0
ASV1622	0	0	0	0	5	0	0	0
ASV1623	0	0	0	0	0	5	0	0
ASV1624	0	0	0	0	0	5	0	0
ASV1625	0	0	0	0	0	5	0	0
ASV1626	0	0	0	0	0	5	0	0
ASV1627	0	0	0	0	0	5	0	0
ASV1628	0	0	0	0	0	5	0	0
ASV1629	0	0	0	0	0	5	0	0
ASV1630	0	0	0	0	0	5	0	0
ASV1631	0	0	0	0	0	5	0	0
ASV1632	0	0	0	0	0	5	0	0
ASV1633	0	0	0	0	0	5	0	0
ASV1634	0	0	0	0	0	5	0	0
ASV1635	0	0	0	0	0	5	0	0
ASV1636	0	0	0	0	0	5	0	0
ASV1637	0	0	0	0	0	5	0	0
ASV1638	0	0	0	0	0	5	0	0
ASV1639	0	0	0	0	0	5	0	0
ASV1640	0	0	0	0	0	5	0	0
ASV1641	0	0	0	0	0	5	0	0
ASV1642	0	0	0	0	0	5	0	0
ASV1643	0	0	0	0	0	5	0	0
ASV1644	0	0	0	0	0	5	0	0
ASV1645	0	0	0	0	0	5	0	0
ASV1646	0	0	0	0	0	5	0	0
ASV1647	0	0	0	0	0	5	0	0
ASV1648	0	0	0	0	0	5	0	0
ASV1649	0	0	0	0	0	5	0	0
ASV1650	0	0	0	0	0	5	0	0
ASV1651	4	0	0	0	0	0	0	0
ASV1652	4	0	0	0	0	0	0	0
ASV1653	4	0	0	0	0	0	0	0
ASV1654	4	0	0	0	0	0	0	0
ASV1655	4	0	0	0	0	0	0	0
ASV1656	4	0	0	0	0	0	0	0
ASV1657	4	0	0	0	0	0	0	0
ASV1658	4	0	0	0	0	0	0	0
ASV1659	4	0	0	0	0	0	0	0
ASV1660	4	0	0	0	0	0	0	0
ASV1661	4	0	0	0	0	0	0	0
ASV1662	4	0	0	0	0	0	0	0
ASV1663	4	0	0	0	0	0	0	0
ASV1664	4	0	0	0	0	0	0	0
ASV1665	4	0	0	0	0	0	0	0
ASV1666	4	0	0	0	0	0	0	0
ASV1667	4	0	0	0	0	0	0	0
ASV1668	4	0	0	0	0	0	0	0
ASV1669	4	0	0	0	0	0	0	0
ASV1670	4	0	0	0	0	0	0	0
ASV1671	2	2	0	0	0	0	0	0
ASV1672	2	0	0	0	0	2	0	0
ASV1673	2	2	0	0	0	0	0	0
ASV1674	0	4	0	0	0	0	0	0
ASV1675	0	4	0	0	0	0	0	0
ASV1676	0	4	0	0	0	0	0	0
ASV1677	0	4	0	0	0	0	0	0
ASV1678	0	4	0	0	0	0	0	0
ASV1679	0	4	0	0	0	0	0	0
ASV1680	0	4	0	0	0	0	0	0
ASV1681	0	4	0	0	0	0	0	0
ASV1682	0	4	0	0	0	0	0	0
ASV1683	0	4	0	0	0	0	0	0
ASV1684	0	4	0	0	0	0	0	0
ASV1685	0	4	0	0	0	0	0	0
ASV1686	0	4	0	0	0	0	0	0
ASV1687	0	4	0	0	0	0	0	0
ASV1688	0	4	0	0	0	0	0	0
ASV1689	0	4	0	0	0	0	0	0
ASV1690	0	4	0	0	0	0	0	0
ASV1691	0	4	0	0	0	0	0	0
ASV1692	0	4	0	0	0	0	0	0
ASV1693	0	4	0	0	0	0	0	0
ASV1694	0	4	0	0	0	0	0	0
ASV1695	0	4	0	0	0	0	0	0
ASV1696	0	4	0	0	0	0	0	0
ASV1697	0	4	0	0	0	0	0	0
ASV1698	0	4	0	0	0	0	0	0
ASV1699	0	4	0	0	0	0	0	0
ASV1700	0	4	0	0	0	0	0	0
ASV1701	0	4	0	0	0	0	0	0
ASV1702	0	4	0	0	0	0	0	0
ASV1703	0	4	0	0	0	0	0	0
ASV1704	0	4	0	0	0	0	0	0
ASV1705	0	4	0	0	0	0	0	0
ASV1706	0	4	0	0	0	0	0	0
ASV1707	0	4	0	0	0	0	0	0
ASV1708	0	4	0	0	0	0	0	0
ASV1709	0	4	0	0	0	0	0	0
ASV1710	0	4	0	0	0	0	0	0
ASV1711	0	4	0	0	0	0	0	0
ASV1712	0	4	0	0	0	0	0	0
ASV1713	0	4	0	0	0	0	0	0
ASV1714	0	4	0	0	0	0	0	0
ASV1715	0	4	0	0	0	0	0	0
ASV1716	0	4	0	0	0	0	0	0
ASV1717	0	4	0	0	0	0	0	0
ASV1718	0	4	0	0	0	0	0	0
ASV1719	0	4	0	0	0	0	0	0
ASV1720	0	4	0	0	0	0	0	0
ASV1721	0	4	0	0	0	0	0	0
ASV1722	0	4	0	0	0	0	0	0
ASV1723	0	4	0	0	0	0	0	0
ASV1724	0	4	0	0	0	0	0	0
ASV1725	0	4	0	0	0	0	0	0
ASV1726	0	4	0	0	0	0	0	0
ASV1727	0	4	0	0	0	0	0	0
ASV1728	0	4	0	0	0	0	0	0
ASV1729	0	4	0	0	0	0	0	0
ASV1730	0	4	0	0	0	0	0	0
ASV1731	0	4	0	0	0	0	0	0
ASV1732	0	4	0	0	0	0	0	0
ASV1733	0	4	0	0	0	0	0	0
ASV1734	0	2	0	0	0	2	0	0
ASV1735	0	2	0	0	2	0	0	0
ASV1736	0	2	0	0	2	0	0	0
ASV1737	0	2	0	0	0	2	0	0
ASV1738	0	0	4	0	0	0	0	0
ASV1739	0	0	4	0	0	0	0	0
ASV1740	0	0	4	0	0	0	0	0
ASV1741	0	0	4	0	0	0	0	0
ASV1742	0	0	4	0	0	0	0	0
ASV1743	0	0	4	0	0	0	0	0
ASV1744	0	0	4	0	0	0	0	0
ASV1745	0	0	4	0	0	0	0	0
ASV1746	0	0	4	0	0	0	0	0
ASV1747	0	0	4	0	0	0	0	0
ASV1748	0	0	4	0	0	0	0	0
ASV1749	0	0	4	0	0	0	0	0
ASV1750	0	0	2	0	0	2	0	0
ASV1751	0	0	2	2	0	0	0	0
ASV1752	0	0	0	4	0	0	0	0
ASV1753	0	0	0	4	0	0	0	0
ASV1754	0	0	0	4	0	0	0	0
ASV1755	0	0	0	4	0	0	0	0
ASV1756	0	0	0	4	0	0	0	0
ASV1757	0	0	0	4	0	0	0	0
ASV1758	0	0	0	4	0	0	0	0
ASV1759	0	0	0	4	0	0	0	0
ASV1760	0	0	0	4	0	0	0	0
ASV1761	0	0	0	4	0	0	0	0
ASV1762	0	0	0	4	0	0	0	0
ASV1763	0	0	0	4	0	0	0	0
ASV1764	0	0	0	4	0	0	0	0
ASV1765	0	0	0	4	0	0	0	0
ASV1766	0	0	0	4	0	0	0	0
ASV1767	0	0	0	4	0	0	0	0
ASV1768	0	0	0	4	0	0	0	0
ASV1769	0	0	0	4	0	0	0	0
ASV1770	0	0	0	4	0	0	0	0
ASV1771	0	0	0	4	0	0	0	0
ASV1772	0	0	0	4	0	0	0	0
ASV1773	0	0	0	4	0	0	0	0
ASV1774	0	0	0	4	0	0	0	0
ASV1775	0	0	0	4	0	0	0	0
ASV1776	0	0	0	4	0	0	0	0
ASV1777	0	0	0	4	0	0	0	0
ASV1778	0	0	0	4	0	0	0	0
ASV1779	0	0	0	4	0	0	0	0
ASV1780	0	0	0	4	0	0	0	0
ASV1781	0	0	0	4	0	0	0	0
ASV1782	0	0	0	4	0	0	0	0
ASV1783	0	0	0	4	0	0	0	0
ASV1784	0	0	0	4	0	0	0	0
ASV1785	0	0	0	4	0	0	0	0
ASV1786	0	0	0	4	0	0	0	0
ASV1787	0	0	0	4	0	0	0	0
ASV1788	0	0	0	4	0	0	0	0
ASV1789	0	0	0	4	0	0	0	0
ASV1790	0	0	0	4	0	0	0	0
ASV1791	0	0	0	4	0	0	0	0
ASV1792	0	0	0	4	0	0	0	0
ASV1793	0	0	0	4	0	0	0	0
ASV1794	0	0	0	4	0	0	0	0
ASV1795	0	0	0	4	0	0	0	0
ASV1796	0	0	0	4	0	0	0	0
ASV1797	0	0	0	4	0	0	0	0
ASV1798	0	0	0	4	0	0	0	0
ASV1799	0	0	0	4	0	0	0	0
ASV1800	0	0	0	4	0	0	0	0
ASV1801	0	0	0	0	4	0	0	0
ASV1802	0	0	0	0	4	0	0	0
ASV1803	0	0	0	0	4	0	0	0
ASV1804	0	0	0	0	4	0	0	0
ASV1805	0	0	0	0	4	0	0	0
ASV1806	0	0	0	0	4	0	0	0
ASV1807	0	0	0	0	4	0	0	0
ASV1808	0	0	0	0	4	0	0	0
ASV1809	0	0	0	0	4	0	0	0
ASV1810	0	0	0	0	4	0	0	0
ASV1811	0	0	0	0	4	0	0	0
ASV1812	0	0	0	0	4	0	0	0
ASV1813	0	0	0	0	4	0	0	0
ASV1814	0	0	0	0	4	0	0	0
ASV1815	0	0	0	0	4	0	0	0
ASV1816	0	0	0	0	4	0	0	0
ASV1817	0	0	0	0	0	4	0	0
ASV1818	0	0	0	0	0	4	0	0
ASV1819	0	0	0	0	0	4	0	0
ASV1820	0	0	0	0	0	4	0	0
ASV1821	0	0	0	0	0	4	0	0
ASV1822	0	0	0	0	0	4	0	0
ASV1823	0	0	0	0	0	4	0	0
ASV1824	0	0	0	0	0	4	0	0
ASV1825	0	0	0	0	0	4	0	0
ASV1826	0	0	0	0	0	4	0	0
ASV1827	0	0	0	0	0	4	0	0
ASV1828	0	0	0	0	0	4	0	0
ASV1829	0	0	0	0	0	4	0	0
ASV1830	0	0	0	0	0	4	0	0
ASV1831	0	0	0	0	0	4	0	0
ASV1832	0	0	0	0	0	4	0	0
ASV1833	0	0	0	0	0	4	0	0
ASV1834	0	0	0	0	0	4	0	0
ASV1835	0	0	0	0	0	4	0	0
ASV1836	0	0	0	0	0	4	0	0
ASV1837	0	0	0	0	0	0	2	2
ASV1838	0	0	0	0	0	0	2	2
ASV1839	0	0	0	0	0	0	2	2
ASV1840	0	0	0	0	0	0	2	2
ASV1841	0	0	0	0	0	0	2	2
ASV1842	0	0	0	0	0	0	2	2
ASV1843	0	0	0	0	0	0	2	2
ASV1844	0	0	0	0	0	0	2	2
ASV1845	0	0	0	0	0	0	2	2
ASV1846	0	0	0	0	0	0	2	2
ASV1847	0	0	0	0	0	0	2	2
ASV1848	0	0	0	0	0	0	2	2
ASV1849	0	0	0	0	0	0	2	2
ASV1850	0	0	0	0	0	0	2	2
ASV1851	0	0	0	0	0	0	2	2
ASV1852	0	0	0	0	0	0	2	2
ASV1853	0	0	0	0	0	0	2	2
ASV1854	0	0	0	0	0	0	2	2
ASV1855	0	0	0	0	0	0	2	2
ASV1856	0	0	0	0	0	0	2	2
ASV1857	0	0	0	0	0	0	2	2
ASV1858	0	0	0	0	0	0	2	2
ASV1859	0	0	0	0	0	0	2	2
ASV1860	0	0	0	0	0	0	2	2
ASV1861	0	0	0	0	0	0	2	2
ASV1862	0	0	0	0	0	0	2	2
ASV1863	0	0	0	0	0	0	2	2
ASV1864	0	0	0	0	0	0	2	2
ASV1865	0	0	0	0	0	0	2	2
ASV1866	0	0	0	0	0	0	2	2
ASV1867	0	0	0	0	0	0	2	2
ASV1868	0	0	0	0	0	0	2	2
ASV1869	0	0	0	0	0	0	2	2
ASV1870	0	0	0	0	0	0	2	2
ASV1871	0	0	0	0	0	0	2	2
ASV1872	0	0	0	0	0	0	2	2
ASV1873	0	0	0	0	0	0	2	2
ASV1874	0	0	0	0	0	0	2	2
ASV1875	0	0	0	0	0	0	2	2
ASV1876	0	0	0	0	0	0	2	2
ASV1877	0	0	0	0	0	0	2	2
ASV1878	0	0	0	0	0	0	2	2
ASV1879	0	0	0	0	0	0	2	2
ASV1880	0	0	0	0	0	0	2	2
ASV1881	0	0	0	0	0	0	2	2
ASV1882	0	0	0	0	0	0	2	2
ASV1883	0	0	0	0	0	0	2	2
ASV1884	0	0	0	0	0	0	2	2
ASV1885	0	0	0	0	0	0	2	2
ASV1886	0	0	0	0	0	0	2	2
ASV1887	0	0	0	0	0	0	2	2
ASV1888	0	0	0	0	0	0	2	2
ASV1889	0	0	0	0	0	0	2	2
ASV1890	0	0	0	0	0	0	2	2
ASV1891	0	0	0	0	0	0	2	2
ASV1892	0	0	0	0	0	0	2	2
ASV1893	0	0	0	0	0	0	2	2
ASV1894	0	0	0	0	0	0	2	2
ASV1895	0	0	0	0	0	0	2	2
ASV1896	0	0	0	0	0	0	2	2
ASV1897	0	0	0	0	0	0	2	2
ASV1898	0	0	0	0	0	0	2	2
ASV1899	0	0	0	0	0	0	2	2
ASV1900	0	0	0	0	0	0	2	2
ASV1901	0	0	0	0	0	0	2	2
ASV1902	0	0	0	0	0	0	2	2
ASV1903	0	0	0	0	0	0	2	2
ASV1904	0	0	0	0	0	0	2	2
ASV1905	0	0	0	0	0	0	2	2
ASV1906	0	0	0	0	0	0	2	2
ASV1907	0	0	0	0	0	0	2	2
ASV1908	0	0	0	0	0	0	2	2
ASV1909	0	0	0	0	0	0	2	2
ASV1910	0	0	0	0	0	0	2	2
ASV1911	0	0	0	0	0	0	2	2
ASV1912	0	0	0	0	0	0	2	2
ASV1913	0	0	0	0	0	0	2	2
ASV1914	0	0	0	0	0	0	2	2
ASV1915	0	0	0	0	0	0	2	2
ASV1916	0	0	0	0	0	0	2	2
ASV1917	0	0	0	0	0	0	2	2
ASV1918	0	0	0	0	0	0	2	2
ASV1919	0	0	0	0	0	0	2	2
ASV1920	0	0	0	0	0	0	2	2
ASV1921	0	0	0	0	0	0	2	2
ASV1922	0	0	0	0	0	0	2	2
ASV1923	0	0	0	0	0	0	2	2
ASV1924	0	0	0	0	0	0	2	2
ASV1925	0	0	0	0	0	0	2	2
ASV1926	0	0	0	0	0	0	2	2
ASV1927	0	0	0	0	0	0	2	2
ASV1928	0	0	0	0	0	0	2	2
ASV1929	0	0	0	0	0	0	2	2
ASV1930	0	0	0	0	0	0	2	2
ASV1931	0	0	0	0	0	0	2	2
ASV1932	0	0	0	0	0	0	2	2
ASV1933	0	0	0	0	0	0	2	2
ASV1934	0	0	0	0	0	0	2	2
ASV1935	0	0	0	0	0	0	2	2
ASV1936	0	0	0	0	0	0	2	2
ASV1937	0	0	0	0	0	0	2	2
ASV1938	0	0	0	0	0	0	2	2
ASV1939	0	0	0	0	0	0	2	2
ASV1940	0	0	0	0	0	0	2	2
ASV1941	0	0	0	0	0	0	2	2
ASV1942	0	0	0	0	0	0	2	2
ASV1943	0	0	0	0	0	0	2	2
ASV1944	0	0	0	0	0	0	2	2
ASV1945	0	0	0	0	0	0	2	2
ASV1946	0	0	0	0	0	0	2	2
ASV1947	0	0	0	0	0	0	2	2
ASV1948	0	0	0	0	0	0	2	2
ASV1949	0	0	0	0	0	0	2	2
ASV1950	3	0	0	0	0	0	0	0
ASV1951	3	0	0	0	0	0	0	0
ASV1952	3	0	0	0	0	0	0	0
ASV1953	3	0	0	0	0	0	0	0
ASV1954	3	0	0	0	0	0	0	0
ASV1955	3	0	0	0	0	0	0	0
ASV1956	3	0	0	0	0	0	0	0
ASV1957	3	0	0	0	0	0	0	0
ASV1958	3	0	0	0	0	0	0	0
ASV1959	3	0	0	0	0	0	0	0
ASV1960	3	0	0	0	0	0	0	0
ASV1961	3	0	0	0	0	0	0	0
ASV1962	0	3	0	0	0	0	0	0
ASV1963	0	3	0	0	0	0	0	0
ASV1964	0	3	0	0	0	0	0	0
ASV1965	0	3	0	0	0	0	0	0
ASV1966	0	3	0	0	0	0	0	0
ASV1967	0	3	0	0	0	0	0	0
ASV1968	0	3	0	0	0	0	0	0
ASV1969	0	3	0	0	0	0	0	0
ASV1970	0	3	0	0	0	0	0	0
ASV1971	0	3	0	0	0	0	0	0
ASV1972	0	3	0	0	0	0	0	0
ASV1973	0	3	0	0	0	0	0	0
ASV1974	0	3	0	0	0	0	0	0
ASV1975	0	3	0	0	0	0	0	0
ASV1976	0	3	0	0	0	0	0	0
ASV1977	0	3	0	0	0	0	0	0
ASV1978	0	3	0	0	0	0	0	0
ASV1979	0	3	0	0	0	0	0	0
ASV1980	0	3	0	0	0	0	0	0
ASV1981	0	3	0	0	0	0	0	0
ASV1982	0	3	0	0	0	0	0	0
ASV1983	0	3	0	0	0	0	0	0
ASV1984	0	3	0	0	0	0	0	0
ASV1985	0	3	0	0	0	0	0	0
ASV1986	0	3	0	0	0	0	0	0
ASV1987	0	3	0	0	0	0	0	0
ASV1988	0	3	0	0	0	0	0	0
ASV1989	0	3	0	0	0	0	0	0
ASV1990	0	3	0	0	0	0	0	0
ASV1991	0	3	0	0	0	0	0	0
ASV1992	0	3	0	0	0	0	0	0
ASV1993	0	3	0	0	0	0	0	0
ASV1994	0	3	0	0	0	0	0	0
ASV1995	0	3	0	0	0	0	0	0
ASV1996	0	3	0	0	0	0	0	0
ASV1997	0	3	0	0	0	0	0	0
ASV1998	0	3	0	0	0	0	0	0
ASV1999	0	3	0	0	0	0	0	0
ASV2000	0	3	0	0	0	0	0	0
ASV2001	0	3	0	0	0	0	0	0
ASV2002	0	3	0	0	0	0	0	0
ASV2003	0	3	0	0	0	0	0	0
ASV2004	0	3	0	0	0	0	0	0
ASV2005	0	3	0	0	0	0	0	0
ASV2006	0	3	0	0	0	0	0	0
ASV2007	0	3	0	0	0	0	0	0
ASV2008	0	3	0	0	0	0	0	0
ASV2009	0	3	0	0	0	0	0	0
ASV2010	0	3	0	0	0	0	0	0
ASV2011	0	3	0	0	0	0	0	0
ASV2012	0	3	0	0	0	0	0	0
ASV2013	0	0	3	0	0	0	0	0
ASV2014	0	0	3	0	0	0	0	0
ASV2015	0	0	3	0	0	0	0	0
ASV2016	0	0	3	0	0	0	0	0
ASV2017	0	0	3	0	0	0	0	0
ASV2018	0	0	3	0	0	0	0	0
ASV2019	0	0	3	0	0	0	0	0
ASV2020	0	0	3	0	0	0	0	0
ASV2021	0	0	3	0	0	0	0	0
ASV2022	0	0	3	0	0	0	0	0
ASV2023	0	0	3	0	0	0	0	0
ASV2024	0	0	3	0	0	0	0	0
ASV2025	0	0	3	0	0	0	0	0
ASV2026	0	0	3	0	0	0	0	0
ASV2027	0	0	3	0	0	0	0	0
ASV2028	0	0	3	0	0	0	0	0
ASV2029	0	0	3	0	0	0	0	0
ASV2030	0	0	3	0	0	0	0	0
ASV2031	0	0	3	0	0	0	0	0
ASV2032	0	0	3	0	0	0	0	0
ASV2033	0	0	3	0	0	0	0	0
ASV2034	0	0	3	0	0	0	0	0
ASV2035	0	0	3	0	0	0	0	0
ASV2036	0	0	3	0	0	0	0	0
ASV2037	0	0	3	0	0	0	0	0
ASV2038	0	0	3	0	0	0	0	0
ASV2039	0	0	3	0	0	0	0	0
ASV2040	0	0	3	0	0	0	0	0
ASV2041	0	0	3	0	0	0	0	0
ASV2042	0	0	3	0	0	0	0	0
ASV2043	0	0	3	0	0	0	0	0
ASV2044	0	0	3	0	0	0	0	0
ASV2045	0	0	3	0	0	0	0	0
ASV2046	0	0	3	0	0	0	0	0
ASV2047	0	0	3	0	0	0	0	0
ASV2048	0	0	3	0	0	0	0	0
ASV2049	0	0	3	0	0	0	0	0
ASV2050	0	0	3	0	0	0	0	0
ASV2051	0	0	3	0	0	0	0	0
ASV2052	0	0	3	0	0	0	0	0
ASV2053	0	0	3	0	0	0	0	0
ASV2054	0	0	3	0	0	0	0	0
ASV2055	0	0	3	0	0	0	0	0
ASV2056	0	0	3	0	0	0	0	0
ASV2057	0	0	3	0	0	0	0	0
ASV2058	0	0	3	0	0	0	0	0
ASV2059	0	0	3	0	0	0	0	0
ASV2060	0	0	3	0	0	0	0	0
ASV2061	0	0	3	0	0	0	0	0
ASV2062	0	0	3	0	0	0	0	0
ASV2063	0	0	3	0	0	0	0	0
ASV2064	0	0	3	0	0	0	0	0
ASV2065	0	0	3	0	0	0	0	0
ASV2066	0	0	3	0	0	0	0	0
ASV2067	0	0	3	0	0	0	0	0
ASV2068	0	0	3	0	0	0	0	0
ASV2069	0	0	3	0	0	0	0	0
ASV2070	0	0	3	0	0	0	0	0
ASV2071	0	0	3	0	0	0	0	0
ASV2072	0	0	3	0	0	0	0	0
ASV2073	0	0	3	0	0	0	0	0
ASV2074	0	0	3	0	0	0	0	0
ASV2075	0	0	3	0	0	0	0	0
ASV2076	0	0	3	0	0	0	0	0
ASV2077	0	0	3	0	0	0	0	0
ASV2078	0	0	3	0	0	0	0	0
ASV2079	0	0	3	0	0	0	0	0
ASV2080	0	0	3	0	0	0	0	0
ASV2081	0	0	3	0	0	0	0	0
ASV2082	0	0	3	0	0	0	0	0
ASV2083	0	0	3	0	0	0	0	0
ASV2084	0	0	3	0	0	0	0	0
ASV2085	0	0	3	0	0	0	0	0
ASV2086	0	0	3	0	0	0	0	0
ASV2087	0	0	3	0	0	0	0	0
ASV2088	0	0	3	0	0	0	0	0
ASV2089	0	0	3	0	0	0	0	0
ASV2090	0	0	3	0	0	0	0	0
ASV2091	0	0	3	0	0	0	0	0
ASV2092	0	0	3	0	0	0	0	0
ASV2093	0	0	3	0	0	0	0	0
ASV2094	0	0	3	0	0	0	0	0
ASV2095	0	0	3	0	0	0	0	0
ASV2096	0	0	3	0	0	0	0	0
ASV2097	0	0	3	0	0	0	0	0
ASV2098	0	0	3	0	0	0	0	0
ASV2099	0	0	3	0	0	0	0	0
ASV2100	0	0	3	0	0	0	0	0
ASV2101	0	0	3	0	0	0	0	0
ASV2102	0	0	3	0	0	0	0	0
ASV2103	0	0	0	3	0	0	0	0
ASV2104	0	0	0	0	3	0	0	0
ASV2105	0	0	0	0	3	0	0	0
ASV2106	0	0	0	0	3	0	0	0
ASV2107	0	0	0	0	3	0	0	0
ASV2108	0	0	0	0	3	0	0	0
ASV2109	0	0	0	0	3	0	0	0
ASV2110	0	0	0	0	3	0	0	0
ASV2111	0	0	0	0	3	0	0	0
ASV2112	0	0	0	0	3	0	0	0
ASV2113	0	0	0	0	3	0	0	0
ASV2114	0	0	0	0	3	0	0	0
ASV2115	0	0	0	0	3	0	0	0
ASV2116	0	0	0	0	3	0	0	0
ASV2117	0	0	0	0	3	0	0	0
ASV2118	0	0	0	0	3	0	0	0
ASV2119	0	0	0	0	3	0	0	0
ASV2120	0	0	0	0	3	0	0	0
ASV2121	0	0	0	0	3	0	0	0
ASV2122	0	0	0	0	3	0	0	0
ASV2123	0	0	0	0	3	0	0	0
ASV2124	0	0	0	0	3	0	0	0
ASV2125	0	0	0	0	3	0	0	0
ASV2126	0	0	0	0	3	0	0	0
ASV2127	0	0	0	0	3	0	0	0
ASV2128	0	0	0	0	3	0	0	0
ASV2129	0	0	0	0	3	0	0	0
ASV2130	0	0	0	0	3	0	0	0
ASV2131	0	0	0	0	0	3	0	0
ASV2132	0	0	0	0	0	3	0	0
ASV2133	0	0	0	0	0	3	0	0
ASV2134	0	0	0	0	0	3	0	0
ASV2135	0	0	0	0	0	3	0	0
ASV2136	0	0	0	0	0	3	0	0
ASV2137	0	0	0	0	0	3	0	0
ASV2138	0	0	0	0	0	3	0	0
ASV2139	0	0	0	0	0	3	0	0
ASV2140	0	0	0	0	0	3	0	0
ASV2141	0	0	0	0	0	3	0	0
ASV2142	0	0	0	0	0	3	0	0
ASV2143	0	0	0	0	0	3	0	0
ASV2144	0	0	0	0	0	3	0	0
ASV2145	0	0	0	0	0	3	0	0
ASV2146	0	0	0	0	0	3	0	0
ASV2147	0	0	0	0	0	3	0	0
ASV2148	0	0	0	0	0	3	0	0
ASV2149	0	0	0	0	0	3	0	0
ASV2150	0	0	0	0	0	3	0	0
ASV2151	0	0	0	0	0	3	0	0
ASV2152	0	0	0	0	0	3	0	0
ASV2153	0	0	0	0	0	3	0	0
ASV2154	0	0	0	0	0	3	0	0
ASV2155	0	0	0	0	0	3	0	0
ASV2156	0	0	0	0	0	3	0	0
ASV2157	0	0	0	0	0	3	0	0
ASV2158	0	0	0	0	0	3	0	0
ASV2159	0	0	0	0	0	3	0	0
ASV2160	0	0	0	0	0	3	0	0
ASV2161	0	0	0	0	0	3	0	0
ASV2162	0	0	0	0	0	3	0	0
ASV2163	0	0	0	0	0	3	0	0
ASV2164	0	0	0	0	0	3	0	0
ASV2165	0	0	0	0	0	3	0	0
ASV2166	0	0	0	0	0	3	0	0
ASV2167	0	0	0	0	0	3	0	0
ASV2168	0	0	0	0	0	3	0	0
ASV2169	0	0	0	0	0	3	0	0
ASV2170	0	0	0	0	0	3	0	0
ASV2171	0	0	0	0	0	3	0	0
ASV2172	0	0	0	0	0	3	0	0
ASV2173	0	0	0	0	0	3	0	0
ASV2174	0	0	0	0	0	3	0	0
ASV2175	0	0	0	0	0	3	0	0
ASV2176	0	0	0	0	0	3	0	0
ASV2177	0	0	0	0	0	3	0	0
ASV2178	0	0	0	0	0	3	0	0
ASV2179	0	0	0	0	0	3	0	0
ASV2180	0	0	0	0	0	3	0	0
ASV2181	0	0	0	0	0	3	0	0
ASV2182	0	0	0	0	0	3	0	0
ASV2183	0	0	0	0	0	3	0	0
ASV2184	0	0	0	0	0	3	0	0
ASV2185	0	0	0	0	0	3	0	0
ASV2186	0	0	0	0	0	3	0	0
ASV2187	0	0	0	0	0	3	0	0
ASV2188	0	0	0	0	0	3	0	0
ASV2189	0	0	0	0	0	3	0	0
ASV2190	0	0	0	0	0	3	0	0
ASV2191	0	0	0	0	0	3	0	0
ASV2192	0	0	0	0	0	3	0	0
ASV2193	0	0	0	0	0	3	0	0
ASV2194	0	0	0	0	0	3	0	0
ASV2195	0	0	0	0	0	3	0	0
ASV2196	0	0	0	0	0	3	0	0
ASV2197	0	0	0	0	0	3	0	0
ASV2198	0	0	0	0	0	3	0	0
ASV2199	0	0	0	0	0	3	0	0
ASV2200	0	0	0	0	0	3	0	0
ASV2201	0	0	0	0	0	3	0	0
ASV2202	0	0	0	0	0	3	0	0
ASV2203	0	0	0	0	0	3	0	0
ASV2204	0	0	0	0	0	3	0	0
ASV2205	0	0	0	0	0	3	0	0
ASV2206	0	0	0	0	0	3	0	0
ASV2207	0	0	0	0	0	3	0	0
ASV2208	0	0	0	0	0	3	0	0
ASV2209	0	0	0	0	0	3	0	0
ASV2210	0	0	0	0	0	3	0	0
ASV2211	0	0	0	0	0	3	0	0
ASV2212	0	0	0	0	0	3	0	0
ASV2213	0	0	0	0	0	3	0	0
ASV2214	0	0	0	0	0	3	0	0
ASV2215	0	0	0	0	0	3	0	0
ASV2216	0	0	0	0	0	3	0	0
ASV2217	2	0	0	0	0	0	0	0
ASV2218	2	0	0	0	0	0	0	0
ASV2219	2	0	0	0	0	0	0	0
ASV2220	2	0	0	0	0	0	0	0
ASV2221	2	0	0	0	0	0	0	0
ASV2222	2	0	0	0	0	0	0	0
ASV2223	2	0	0	0	0	0	0	0
ASV2224	2	0	0	0	0	0	0	0
ASV2225	2	0	0	0	0	0	0	0
ASV2226	2	0	0	0	0	0	0	0
ASV2227	2	0	0	0	0	0	0	0
ASV2228	2	0	0	0	0	0	0	0
ASV2229	2	0	0	0	0	0	0	0
ASV2230	2	0	0	0	0	0	0	0
ASV2231	2	0	0	0	0	0	0	0
ASV2232	2	0	0	0	0	0	0	0
ASV2233	2	0	0	0	0	0	0	0
ASV2234	2	0	0	0	0	0	0	0
ASV2235	2	0	0	0	0	0	0	0
ASV2236	2	0	0	0	0	0	0	0
ASV2237	2	0	0	0	0	0	0	0
ASV2238	2	0	0	0	0	0	0	0
ASV2239	2	0	0	0	0	0	0	0
ASV2240	2	0	0	0	0	0	0	0
ASV2241	2	0	0	0	0	0	0	0
ASV2242	2	0	0	0	0	0	0	0
ASV2243	2	0	0	0	0	0	0	0
ASV2244	2	0	0	0	0	0	0	0
ASV2245	2	0	0	0	0	0	0	0
ASV2246	2	0	0	0	0	0	0	0
ASV2247	2	0	0	0	0	0	0	0
ASV2248	2	0	0	0	0	0	0	0
ASV2249	2	0	0	0	0	0	0	0
ASV2250	2	0	0	0	0	0	0	0
ASV2251	0	2	0	0	0	0	0	0
ASV2252	0	2	0	0	0	0	0	0
ASV2253	0	2	0	0	0	0	0	0
ASV2254	0	2	0	0	0	0	0	0
ASV2255	0	2	0	0	0	0	0	0
ASV2256	0	2	0	0	0	0	0	0
ASV2257	0	2	0	0	0	0	0	0
ASV2258	0	2	0	0	0	0	0	0
ASV2259	0	2	0	0	0	0	0	0
ASV2260	0	2	0	0	0	0	0	0
ASV2261	0	2	0	0	0	0	0	0
ASV2262	0	2	0	0	0	0	0	0
ASV2263	0	2	0	0	0	0	0	0
ASV2264	0	2	0	0	0	0	0	0
ASV2265	0	2	0	0	0	0	0	0
ASV2266	0	2	0	0	0	0	0	0
ASV2267	0	2	0	0	0	0	0	0
ASV2268	0	2	0	0	0	0	0	0
ASV2269	0	2	0	0	0	0	0	0
ASV2270	0	2	0	0	0	0	0	0
ASV2271	0	2	0	0	0	0	0	0
ASV2272	0	2	0	0	0	0	0	0
ASV2273	0	2	0	0	0	0	0	0
ASV2274	0	2	0	0	0	0	0	0
ASV2275	0	2	0	0	0	0	0	0
ASV2276	0	2	0	0	0	0	0	0
ASV2277	0	2	0	0	0	0	0	0
ASV2278	0	2	0	0	0	0	0	0
ASV2279	0	2	0	0	0	0	0	0
ASV2280	0	2	0	0	0	0	0	0
ASV2281	0	2	0	0	0	0	0	0
ASV2282	0	2	0	0	0	0	0	0
ASV2283	0	2	0	0	0	0	0	0
ASV2284	0	2	0	0	0	0	0	0
ASV2285	0	2	0	0	0	0	0	0
ASV2286	0	2	0	0	0	0	0	0
ASV2287	0	2	0	0	0	0	0	0
ASV2288	0	2	0	0	0	0	0	0
ASV2289	0	2	0	0	0	0	0	0
ASV2290	0	2	0	0	0	0	0	0
ASV2291	0	2	0	0	0	0	0	0
ASV2292	0	2	0	0	0	0	0	0
ASV2293	0	2	0	0	0	0	0	0
ASV2294	0	2	0	0	0	0	0	0
ASV2295	0	2	0	0	0	0	0	0
ASV2296	0	2	0	0	0	0	0	0
ASV2297	0	2	0	0	0	0	0	0
ASV2298	0	2	0	0	0	0	0	0
ASV2299	0	2	0	0	0	0	0	0
ASV2300	0	2	0	0	0	0	0	0
ASV2301	0	2	0	0	0	0	0	0
ASV2302	0	2	0	0	0	0	0	0
ASV2303	0	2	0	0	0	0	0	0
ASV2304	0	2	0	0	0	0	0	0
ASV2305	0	2	0	0	0	0	0	0
ASV2306	0	2	0	0	0	0	0	0
ASV2307	0	2	0	0	0	0	0	0
ASV2308	0	2	0	0	0	0	0	0
ASV2309	0	2	0	0	0	0	0	0
ASV2310	0	2	0	0	0	0	0	0
ASV2311	0	2	0	0	0	0	0	0
ASV2312	0	2	0	0	0	0	0	0
ASV2313	0	2	0	0	0	0	0	0
ASV2314	0	2	0	0	0	0	0	0
ASV2315	0	2	0	0	0	0	0	0
ASV2316	0	2	0	0	0	0	0	0
ASV2317	0	2	0	0	0	0	0	0
ASV2318	0	2	0	0	0	0	0	0
ASV2319	0	2	0	0	0	0	0	0
ASV2320	0	2	0	0	0	0	0	0
ASV2321	0	2	0	0	0	0	0	0
ASV2322	0	2	0	0	0	0	0	0
ASV2323	0	2	0	0	0	0	0	0
ASV2324	0	2	0	0	0	0	0	0
ASV2325	0	2	0	0	0	0	0	0
ASV2326	0	2	0	0	0	0	0	0
ASV2327	0	2	0	0	0	0	0	0
ASV2328	0	2	0	0	0	0	0	0
ASV2329	0	2	0	0	0	0	0	0
ASV2330	0	2	0	0	0	0	0	0
ASV2331	0	2	0	0	0	0	0	0
ASV2332	0	2	0	0	0	0	0	0
ASV2333	0	2	0	0	0	0	0	0
ASV2334	0	2	0	0	0	0	0	0
ASV2335	0	2	0	0	0	0	0	0
ASV2336	0	2	0	0	0	0	0	0
ASV2337	0	2	0	0	0	0	0	0
ASV2338	0	2	0	0	0	0	0	0
ASV2339	0	2	0	0	0	0	0	0
ASV2340	0	2	0	0	0	0	0	0
ASV2341	0	2	0	0	0	0	0	0
ASV2342	0	2	0	0	0	0	0	0
ASV2343	0	2	0	0	0	0	0	0
ASV2344	0	2	0	0	0	0	0	0
ASV2345	0	2	0	0	0	0	0	0
ASV2346	0	2	0	0	0	0	0	0
ASV2347	0	2	0	0	0	0	0	0
ASV2348	0	2	0	0	0	0	0	0
ASV2349	0	2	0	0	0	0	0	0
ASV2350	0	2	0	0	0	0	0	0
ASV2351	0	2	0	0	0	0	0	0
ASV2352	0	2	0	0	0	0	0	0
ASV2353	0	2	0	0	0	0	0	0
ASV2354	0	2	0	0	0	0	0	0
ASV2355	0	2	0	0	0	0	0	0
ASV2356	0	2	0	0	0	0	0	0
ASV2357	0	2	0	0	0	0	0	0
ASV2358	0	2	0	0	0	0	0	0
ASV2359	0	2	0	0	0	0	0	0
ASV2360	0	2	0	0	0	0	0	0
ASV2361	0	2	0	0	0	0	0	0
ASV2362	0	2	0	0	0	0	0	0
ASV2363	0	2	0	0	0	0	0	0
ASV2364	0	2	0	0	0	0	0	0
ASV2365	0	2	0	0	0	0	0	0
ASV2366	0	2	0	0	0	0	0	0
ASV2367	0	2	0	0	0	0	0	0
ASV2368	0	2	0	0	0	0	0	0
ASV2369	0	2	0	0	0	0	0	0
ASV2370	0	2	0	0	0	0	0	0
ASV2371	0	2	0	0	0	0	0	0
ASV2372	0	2	0	0	0	0	0	0
ASV2373	0	2	0	0	0	0	0	0
ASV2374	0	2	0	0	0	0	0	0
ASV2375	0	2	0	0	0	0	0	0
ASV2376	0	2	0	0	0	0	0	0
ASV2377	0	2	0	0	0	0	0	0
ASV2378	0	2	0	0	0	0	0	0
ASV2379	0	2	0	0	0	0	0	0
ASV2380	0	2	0	0	0	0	0	0
ASV2381	0	2	0	0	0	0	0	0
ASV2382	0	2	0	0	0	0	0	0
ASV2383	0	2	0	0	0	0	0	0
ASV2384	0	2	0	0	0	0	0	0
ASV2385	0	2	0	0	0	0	0	0
ASV2386	0	2	0	0	0	0	0	0
ASV2387	0	2	0	0	0	0	0	0
ASV2388	0	2	0	0	0	0	0	0
ASV2389	0	2	0	0	0	0	0	0
ASV2390	0	2	0	0	0	0	0	0
ASV2391	0	2	0	0	0	0	0	0
ASV2392	0	2	0	0	0	0	0	0
ASV2393	0	2	0	0	0	0	0	0
ASV2394	0	2	0	0	0	0	0	0
ASV2395	0	2	0	0	0	0	0	0
ASV2396	0	0	2	0	0	0	0	0
ASV2397	0	0	2	0	0	0	0	0
ASV2398	0	0	2	0	0	0	0	0
ASV2399	0	0	2	0	0	0	0	0
ASV2400	0	0	2	0	0	0	0	0
ASV2401	0	0	2	0	0	0	0	0
ASV2402	0	0	2	0	0	0	0	0
ASV2403	0	0	2	0	0	0	0	0
ASV2404	0	0	2	0	0	0	0	0
ASV2405	0	0	2	0	0	0	0	0
ASV2406	0	0	2	0	0	0	0	0
ASV2407	0	0	2	0	0	0	0	0
ASV2408	0	0	2	0	0	0	0	0
ASV2409	0	0	2	0	0	0	0	0
ASV2410	0	0	2	0	0	0	0	0
ASV2411	0	0	2	0	0	0	0	0
ASV2412	0	0	2	0	0	0	0	0
ASV2413	0	0	2	0	0	0	0	0
ASV2414	0	0	2	0	0	0	0	0
ASV2415	0	0	2	0	0	0	0	0
ASV2416	0	0	2	0	0	0	0	0
ASV2417	0	0	2	0	0	0	0	0
ASV2418	0	0	2	0	0	0	0	0
ASV2419	0	0	2	0	0	0	0	0
ASV2420	0	0	2	0	0	0	0	0
ASV2421	0	0	2	0	0	0	0	0
ASV2422	0	0	2	0	0	0	0	0
ASV2423	0	0	2	0	0	0	0	0
ASV2424	0	0	2	0	0	0	0	0
ASV2425	0	0	2	0	0	0	0	0
ASV2426	0	0	2	0	0	0	0	0
ASV2427	0	0	2	0	0	0	0	0
ASV2428	0	0	2	0	0	0	0	0
ASV2429	0	0	2	0	0	0	0	0
ASV2430	0	0	2	0	0	0	0	0
ASV2431	0	0	2	0	0	0	0	0
ASV2432	0	0	2	0	0	0	0	0
ASV2433	0	0	2	0	0	0	0	0
ASV2434	0	0	2	0	0	0	0	0
ASV2435	0	0	2	0	0	0	0	0
ASV2436	0	0	2	0	0	0	0	0
ASV2437	0	0	2	0	0	0	0	0
ASV2438	0	0	2	0	0	0	0	0
ASV2439	0	0	2	0	0	0	0	0
ASV2440	0	0	2	0	0	0	0	0
ASV2441	0	0	2	0	0	0	0	0
ASV2442	0	0	2	0	0	0	0	0
ASV2443	0	0	2	0	0	0	0	0
ASV2444	0	0	2	0	0	0	0	0
ASV2445	0	0	2	0	0	0	0	0
ASV2446	0	0	2	0	0	0	0	0
ASV2447	0	0	2	0	0	0	0	0
ASV2448	0	0	2	0	0	0	0	0
ASV2449	0	0	2	0	0	0	0	0
ASV2450	0	0	2	0	0	0	0	0
ASV2451	0	0	2	0	0	0	0	0
ASV2452	0	0	2	0	0	0	0	0
ASV2453	0	0	2	0	0	0	0	0
ASV2454	0	0	2	0	0	0	0	0
ASV2455	0	0	2	0	0	0	0	0
ASV2456	0	0	2	0	0	0	0	0
ASV2457	0	0	2	0	0	0	0	0
ASV2458	0	0	2	0	0	0	0	0
ASV2459	0	0	2	0	0	0	0	0
ASV2460	0	0	2	0	0	0	0	0
ASV2461	0	0	2	0	0	0	0	0
ASV2462	0	0	2	0	0	0	0	0
ASV2463	0	0	2	0	0	0	0	0
ASV2464	0	0	2	0	0	0	0	0
ASV2465	0	0	2	0	0	0	0	0
ASV2466	0	0	2	0	0	0	0	0
ASV2467	0	0	2	0	0	0	0	0
ASV2468	0	0	2	0	0	0	0	0
ASV2469	0	0	2	0	0	0	0	0
ASV2470	0	0	2	0	0	0	0	0
ASV2471	0	0	2	0	0	0	0	0
ASV2472	0	0	2	0	0	0	0	0
ASV2473	0	0	2	0	0	0	0	0
ASV2474	0	0	2	0	0	0	0	0
ASV2475	0	0	2	0	0	0	0	0
ASV2476	0	0	2	0	0	0	0	0
ASV2477	0	0	2	0	0	0	0	0
ASV2478	0	0	2	0	0	0	0	0
ASV2479	0	0	2	0	0	0	0	0
ASV2480	0	0	2	0	0	0	0	0
ASV2481	0	0	2	0	0	0	0	0
ASV2482	0	0	2	0	0	0	0	0
ASV2483	0	0	2	0	0	0	0	0
ASV2484	0	0	2	0	0	0	0	0
ASV2485	0	0	2	0	0	0	0	0
ASV2486	0	0	2	0	0	0	0	0
ASV2487	0	0	2	0	0	0	0	0
ASV2488	0	0	2	0	0	0	0	0
ASV2489	0	0	2	0	0	0	0	0
ASV2490	0	0	2	0	0	0	0	0
ASV2491	0	0	2	0	0	0	0	0
ASV2492	0	0	2	0	0	0	0	0
ASV2493	0	0	2	0	0	0	0	0
ASV2494	0	0	2	0	0	0	0	0
ASV2495	0	0	2	0	0	0	0	0
ASV2496	0	0	2	0	0	0	0	0
ASV2497	0	0	2	0	0	0	0	0
ASV2498	0	0	2	0	0	0	0	0
ASV2499	0	0	2	0	0	0	0	0
ASV2500	0	0	2	0	0	0	0	0
ASV2501	0	0	2	0	0	0	0	0
ASV2502	0	0	2	0	0	0	0	0
ASV2503	0	0	0	2	0	0	0	0
ASV2504	0	0	0	2	0	0	0	0
ASV2505	0	0	0	2	0	0	0	0
ASV2506	0	0	0	2	0	0	0	0
ASV2507	0	0	0	2	0	0	0	0
ASV2508	0	0	0	2	0	0	0	0
ASV2509	0	0	0	2	0	0	0	0
ASV2510	0	0	0	2	0	0	0	0
ASV2511	0	0	0	2	0	0	0	0
ASV2512	0	0	0	2	0	0	0	0
ASV2513	0	0	0	2	0	0	0	0
ASV2514	0	0	0	2	0	0	0	0
ASV2515	0	0	0	2	0	0	0	0
ASV2516	0	0	0	2	0	0	0	0
ASV2517	0	0	0	2	0	0	0	0
ASV2518	0	0	0	2	0	0	0	0
ASV2519	0	0	0	2	0	0	0	0
ASV2520	0	0	0	2	0	0	0	0
ASV2521	0	0	0	2	0	0	0	0
ASV2522	0	0	0	2	0	0	0	0
ASV2523	0	0	0	2	0	0	0	0
ASV2524	0	0	0	2	0	0	0	0
ASV2525	0	0	0	2	0	0	0	0
ASV2526	0	0	0	2	0	0	0	0
ASV2527	0	0	0	2	0	0	0	0
ASV2528	0	0	0	2	0	0	0	0
ASV2529	0	0	0	2	0	0	0	0
ASV2530	0	0	0	2	0	0	0	0
ASV2531	0	0	0	2	0	0	0	0
ASV2532	0	0	0	2	0	0	0	0
ASV2533	0	0	0	2	0	0	0	0
ASV2534	0	0	0	2	0	0	0	0
ASV2535	0	0	0	2	0	0	0	0
ASV2536	0	0	0	2	0	0	0	0
ASV2537	0	0	0	2	0	0	0	0
ASV2538	0	0	0	2	0	0	0	0
ASV2539	0	0	0	2	0	0	0	0
ASV2540	0	0	0	2	0	0	0	0
ASV2541	0	0	0	2	0	0	0	0
ASV2542	0	0	0	2	0	0	0	0
ASV2543	0	0	0	2	0	0	0	0
ASV2544	0	0	0	2	0	0	0	0
ASV2545	0	0	0	2	0	0	0	0
ASV2546	0	0	0	2	0	0	0	0
ASV2547	0	0	0	2	0	0	0	0
ASV2548	0	0	0	2	0	0	0	0
ASV2549	0	0	0	2	0	0	0	0
ASV2550	0	0	0	2	0	0	0	0
ASV2551	0	0	0	2	0	0	0	0
ASV2552	0	0	0	2	0	0	0	0
ASV2553	0	0	0	2	0	0	0	0
ASV2554	0	0	0	2	0	0	0	0
ASV2555	0	0	0	2	0	0	0	0
ASV2556	0	0	0	2	0	0	0	0
ASV2557	0	0	0	2	0	0	0	0
ASV2558	0	0	0	2	0	0	0	0
ASV2559	0	0	0	2	0	0	0	0
ASV2560	0	0	0	2	0	0	0	0
ASV2561	0	0	0	2	0	0	0	0
ASV2562	0	0	0	2	0	0	0	0
ASV2563	0	0	0	2	0	0	0	0
ASV2564	0	0	0	2	0	0	0	0
ASV2565	0	0	0	2	0	0	0	0
ASV2566	0	0	0	2	0	0	0	0
ASV2567	0	0	0	2	0	0	0	0
ASV2568	0	0	0	2	0	0	0	0
ASV2569	0	0	0	2	0	0	0	0
ASV2570	0	0	0	2	0	0	0	0
ASV2571	0	0	0	2	0	0	0	0
ASV2572	0	0	0	2	0	0	0	0
ASV2573	0	0	0	2	0	0	0	0
ASV2574	0	0	0	2	0	0	0	0
ASV2575	0	0	0	0	2	0	0	0
ASV2576	0	0	0	0	2	0	0	0
ASV2577	0	0	0	0	2	0	0	0
ASV2578	0	0	0	0	2	0	0	0
ASV2579	0	0	0	0	2	0	0	0
ASV2580	0	0	0	0	2	0	0	0
ASV2581	0	0	0	0	2	0	0	0
ASV2582	0	0	0	0	2	0	0	0
ASV2583	0	0	0	0	2	0	0	0
ASV2584	0	0	0	0	2	0	0	0
ASV2585	0	0	0	0	2	0	0	0
ASV2586	0	0	0	0	2	0	0	0
ASV2587	0	0	0	0	2	0	0	0
ASV2588	0	0	0	0	2	0	0	0
ASV2589	0	0	0	0	2	0	0	0
ASV2590	0	0	0	0	2	0	0	0
ASV2591	0	0	0	0	2	0	0	0
ASV2592	0	0	0	0	2	0	0	0
ASV2593	0	0	0	0	2	0	0	0
ASV2594	0	0	0	0	2	0	0	0
ASV2595	0	0	0	0	2	0	0	0
ASV2596	0	0	0	0	2	0	0	0
ASV2597	0	0	0	0	2	0	0	0
ASV2598	0	0	0	0	2	0	0	0
ASV2599	0	0	0	0	2	0	0	0
ASV2600	0	0	0	0	2	0	0	0
ASV2601	0	0	0	0	2	0	0	0
ASV2602	0	0	0	0	2	0	0	0
ASV2603	0	0	0	0	2	0	0	0
ASV2604	0	0	0	0	2	0	0	0
ASV2605	0	0	0	0	2	0	0	0
ASV2606	0	0	0	0	2	0	0	0
ASV2607	0	0	0	0	2	0	0	0
ASV2608	0	0	0	0	2	0	0	0
ASV2609	0	0	0	0	2	0	0	0
ASV2610	0	0	0	0	2	0	0	0
ASV2611	0	0	0	0	2	0	0	0
ASV2612	0	0	0	0	2	0	0	0
ASV2613	0	0	0	0	2	0	0	0
ASV2614	0	0	0	0	2	0	0	0
ASV2615	0	0	0	0	2	0	0	0
ASV2616	0	0	0	0	2	0	0	0
ASV2617	0	0	0	0	2	0	0	0
ASV2618	0	0	0	0	2	0	0	0
ASV2619	0	0	0	0	2	0	0	0
ASV2620	0	0	0	0	2	0	0	0
ASV2621	0	0	0	0	2	0	0	0
ASV2622	0	0	0	0	2	0	0	0
ASV2623	0	0	0	0	2	0	0	0
ASV2624	0	0	0	0	2	0	0	0
ASV2625	0	0	0	0	2	0	0	0
ASV2626	0	0	0	0	2	0	0	0
ASV2627	0	0	0	0	2	0	0	0
ASV2628	0	0	0	0	2	0	0	0
ASV2629	0	0	0	0	2	0	0	0
ASV2630	0	0	0	0	2	0	0	0
ASV2631	0	0	0	0	2	0	0	0
ASV2632	0	0	0	0	2	0	0	0
ASV2633	0	0	0	0	2	0	0	0
ASV2634	0	0	0	0	2	0	0	0
ASV2635	0	0	0	0	0	2	0	0
ASV2636	0	0	0	0	0	2	0	0
ASV2637	0	0	0	0	0	2	0	0
ASV2638	0	0	0	0	0	2	0	0
ASV2639	0	0	0	0	0	2	0	0
ASV2640	0	0	0	0	0	2	0	0
ASV2641	0	0	0	0	0	2	0	0
ASV2642	0	0	0	0	0	2	0	0
ASV2643	0	0	0	0	0	2	0	0
ASV2644	0	0	0	0	0	2	0	0
ASV2645	0	0	0	0	0	2	0	0
ASV2646	0	0	0	0	0	2	0	0
ASV2647	0	0	0	0	0	2	0	0
ASV2648	0	0	0	0	0	2	0	0
ASV2649	0	0	0	0	0	2	0	0
ASV2650	0	0	0	0	0	2	0	0
ASV2651	0	0	0	0	0	2	0	0
ASV2652	0	0	0	0	0	2	0	0
ASV2653	0	0	0	0	0	2	0	0
ASV2654	0	0	0	0	0	2	0	0
ASV2655	0	0	0	0	0	2	0	0
ASV2656	0	0	0	0	0	2	0	0
ASV2657	0	0	0	0	0	2	0	0
ASV2658	0	0	0	0	0	2	0	0
ASV2659	0	0	0	0	0	2	0	0
ASV2660	0	0	0	0	0	2	0	0
ASV2661	0	0	0	0	0	2	0	0
ASV2662	0	0	0	0	0	2	0	0
ASV2663	0	0	0	0	0	2	0	0
ASV2664	0	0	0	0	0	2	0	0
ASV2665	0	0	0	0	0	2	0	0
ASV2666	0	0	0	0	0	2	0	0
ASV2667	0	0	0	0	0	2	0	0
ASV2668	0	0	0	0	0	2	0	0
ASV2669	0	0	0	0	0	2	0	0
ASV2670	0	0	0	0	0	2	0	0
ASV2671	0	0	0	0	0	2	0	0
ASV2672	0	0	0	0	0	2	0	0
ASV2673	0	0	0	0	0	2	0	0
ASV2674	0	0	0	0	0	2	0	0
ASV2675	0	0	0	0	0	2	0	0
ASV2676	0	0	0	0	0	2	0	0
ASV2677	0	0	0	0	0	2	0	0
ASV2678	0	0	0	0	0	2	0	0
ASV2679	0	0	0	0	0	2	0	0
ASV2680	0	0	0	0	0	2	0	0
ASV2681	0	0	0	0	0	2	0	0
ASV2682	0	0	0	0	0	2	0	0
ASV2683	0	0	0	0	0	2	0	0
ASV2684	0	0	0	0	0	2	0	0
ASV2685	0	0	0	0	0	2	0	0
ASV2686	0	0	0	0	0	2	0	0
ASV2687	0	0	0	0	0	2	0	0
ASV2688	0	0	0	0	0	2	0	0
ASV2689	0	0	0	0	0	2	0	0
ASV2690	0	0	0	0	0	2	0	0
ASV2691	0	0	0	0	0	2	0	0
ASV2692	0	0	0	0	0	2	0	0
ASV2693	0	0	0	0	0	2	0	0
ASV2694	0	0	0	0	0	2	0	0
ASV2695	0	0	0	0	0	2	0	0
ASV2696	0	0	0	0	0	2	0	0
ASV2697	0	0	0	0	0	2	0	0
ASV2698	0	0	0	0	0	2	0	0
ASV2699	0	0	0	0	0	2	0	0
ASV2700	0	0	0	0	0	2	0	0
ASV2701	0	0	0	0	0	2	0	0
ASV2702	0	0	0	0	0	2	0	0
ASV2703	0	0	0	0	0	2	0	0
ASV2704	0	0	0	0	0	2	0	0
ASV2705	0	0	0	0	0	2	0	0
ASV2706	0	0	0	0	0	2	0	0
ASV2707	0	0	0	0	0	2	0	0
ASV2708	0	0	0	1	0	0	0	0
ASV2709	0	0	0	0	1	0	0	0
